{"type": "FeatureCollection", "features": [{"type": "Feature", "properties": {"highway": "secondary", "name": "\u0110\u01b0\u1eddng Nguy\u1ec5n B\u00e1 T\u00f9ng", "@id": "way/302773674"}, "geometry": {"type": "LineString", "coordinates": [[108.1562148, 15.9808428], [108.1566036, 15.9806226], [108.1567995, 15.9805127], [108.1569926, 15.9803941], [108.1571388, 15.9803039], [108.1572099, 15.98026], [108.1581567, 15.9795458], [108.1586432, 15.979169], [108.1597692, 15.978297], [108.1613248, 15.9771149], [108.1623305, 15.9763506], [108.1637342, 15.9752384], [108.1651855, 15.9741655], [108.1654609, 15.9739547], [108.1678834, 15.9720971], [108.1680594, 15.9719621], [108.1683236, 15.9717753], [108.1684998, 15.9716187], [108.1685169, 15.9716098], [108.1686002, 15.9715608], [108.1687765, 15.9714287], [108.1688998, 15.9713369], [108.1690384, 15.9712481], [108.1691647, 15.9711681], [108.169328, 15.9710999], [108.1695252, 15.9710229], [108.169744, 15.9709607], [108.1699412, 15.9709133], [108.1701384, 15.9708659], [108.1704773, 15.9708422], [108.1711181, 15.9708397], [108.1723736, 15.9707772], [108.1729464, 15.9707735]]}}, {"type": "Feature", "properties": {"highway": "secondary", "lanes": "4", "name": "\u0110\u01b0\u1eddng t\u1ec9nh 605", "ref": "\u0110T.605", "source": "landsat", "surface": "asphalt", "@id": "way/303060567"}, "geometry": {"type": "LineString", "coordinates": [[108.1874491, 15.9836218], [108.1867234, 15.9817634], [108.1866136, 15.9814821], [108.1858699, 15.9794488], [108.1855979, 15.9789033], [108.1854499, 15.978327], [108.1854102, 15.9774991], [108.1853301, 15.9772625], [108.185263, 15.9769994], [108.1851637, 15.9767634], [108.1850297, 15.9765584], [108.1848855, 15.9764024], [108.184691, 15.9762964], [108.184469, 15.9761909], [108.1843661, 15.9761721], [108.1840009, 15.976053], [108.1835649, 15.9758054], [108.1833959, 15.975701], [108.1832511, 15.9754804], [108.1831639, 15.9753205], [108.1830378, 15.9747957], [108.1829097, 15.9741764], [108.1826354, 15.97285], [108.1824638, 15.9719345], [108.1823618, 15.9715529], [108.1822947, 15.9712614], [108.1821224, 15.9705296], [108.1817605, 15.9692528], [108.1816771, 15.9689479], [108.1813892, 15.9678949], [108.1810321, 15.966756], [108.180926, 15.9663391], [108.1808868, 15.9662325], [108.180797, 15.9660666], [108.1807002, 15.9658417], [108.1805237, 15.9655003], [108.1802794, 15.965082], [108.1800323, 15.9647598], [108.1799676, 15.9646706], [108.1798175, 15.9644671], [108.1796141, 15.9641204], [108.1794604, 15.9636335], [108.1794402, 15.9634572], [108.1794177, 15.9632732], [108.1794083, 15.962983], [108.1794417, 15.9628155], [108.1795155, 15.9624523], [108.1795917, 15.9620568], [108.1796812, 15.9613266], [108.1797397, 15.9607019], [108.1798011, 15.9598816], [108.179798, 15.9593934], [108.1798077, 15.9589712], [108.1797976, 15.9587997], [108.1797763, 15.9586317], [108.1797335, 15.9584294], [108.1795191, 15.9576828], [108.1793872, 15.9571815], [108.1791567, 15.9559788], [108.1787204, 15.9540774], [108.178642, 15.9536381], [108.178629, 15.9534472], [108.1786284, 15.9532643], [108.1787149, 15.9523823]]}}, {"type": "Feature", "properties": {"highway": "residential", "surface": "asphalt", "@id": "way/404848802"}, "geometry": {"type": "LineString", "coordinates": [[108.2041729, 15.9837862], [108.2039462, 15.9833638], [108.2036556, 15.982833], [108.2023892, 15.9805196], [108.2023748, 15.9804343], [108.2023373, 15.9796557], [108.2022942, 15.9787598], [108.2022795, 15.9784553], [108.202258, 15.9780084], [108.2022403, 15.9779131], [108.2021978, 15.9778076], [108.2021656, 15.9777534], [108.2017059, 15.9769808], [108.2015033, 15.9766561], [108.2012069, 15.9761812], [108.201178, 15.9761348], [108.2007468, 15.9754429], [108.2007261, 15.975403], [108.2005238, 15.9750142], [108.2003362, 15.974286], [108.2002796, 15.9741295], [108.2000743, 15.9738471], [108.1999469, 15.9737144], [108.199846, 15.9736429], [108.1997452, 15.9735715], [108.1996178, 15.973432], [108.1995505, 15.9732925], [108.1994727, 15.9730475], [108.1993913, 15.9728842], [108.1981155, 15.9713152], [108.1968851, 15.9698272]]}}, {"type": "Feature", "properties": {"highway": "residential", "@id": "way/404848803"}, "geometry": {"type": "LineString", "coordinates": [[108.1918106, 15.9695028], [108.1916788, 15.9695298], [108.1915567, 15.9695921], [108.1906566, 15.9700539], [108.1902293, 15.9702619], [108.1900409, 15.9703427], [108.1899647, 15.9703751], [108.1896324, 15.970541], [108.1895601, 15.9705874], [108.1894333, 15.9706759], [108.1893042, 15.9707724], [108.189221, 15.9708248], [108.1888215, 15.9710055], [108.1886988, 15.9710324], [108.1884945, 15.9707252], [108.1882227, 15.9702504], [108.187972, 15.969904], [108.1879179, 15.9698535], [108.187875, 15.9697749], [108.1876228, 15.9695774], [108.187457, 15.9694966], [108.1872165, 15.9693439], [108.1867537, 15.969011]]}}, {"type": "Feature", "properties": {"highway": "residential", "@id": "way/404848805"}, "geometry": {"type": "LineString", "coordinates": [[108.1920518, 15.967491], [108.1920062, 15.9675336], [108.1915623, 15.967794], [108.1912823, 15.9679276], [108.1912136, 15.9679604], [108.1910741, 15.9680403], [108.1909923, 15.9680648], [108.1907031, 15.968074], [108.1903768, 15.968128], [108.1900924, 15.9681404], [108.1897938, 15.9681448], [108.1896654, 15.9681436], [108.1892412, 15.9681397], [108.1888491, 15.9682154], [108.1886672, 15.9682505], [108.1881845, 15.9683976], [108.1879216, 15.9684955], [108.1877767, 15.9684904], [108.1875783, 15.9685162], [108.1874817, 15.9685492], [108.1867537, 15.969011], [108.1866599, 15.9690756], [108.1865079, 15.9692013], [108.1863733, 15.969333], [108.1861396, 15.9695756], [108.1858159, 15.970017], [108.1854003, 15.9707235], [108.1853304, 15.9708054], [108.1853078, 15.9708319], [108.1852736, 15.9708608], [108.1850663, 15.9710356], [108.1847821, 15.9713514], [108.1847385, 15.9714002], [108.1846615, 15.9715082], [108.1846137, 15.9716121], [108.1845068, 15.9720314], [108.1844103, 15.972677], [108.1845069, 15.9743311], [108.1845901, 15.974784], [108.1846993, 15.9755706]]}}, {"type": "Feature", "properties": {"highway": "residential", "@id": "way/404848806"}, "geometry": {"type": "LineString", "coordinates": [[108.184322, 15.9758671], [108.1845277, 15.9757243], [108.1846993, 15.9755706], [108.1850775, 15.9752602], [108.185325, 15.9751399], [108.1853939, 15.9751032], [108.1857204, 15.9750258], [108.1858269, 15.9749913], [108.1861836, 15.9749129], [108.1862303, 15.9749026], [108.1863067, 15.9748858], [108.1863696, 15.9748547], [108.1864489, 15.9748155], [108.1866571, 15.9746844], [108.1866725, 15.9746747], [108.1870785, 15.9744821], [108.187315, 15.9744133], [108.1879933, 15.974067], [108.18804, 15.9740432], [108.1882772, 15.9739012], [108.1885485, 15.9737258], [108.1887058, 15.9736278], [108.1889467, 15.9737732]]}}, {"type": "Feature", "properties": {"highway": "residential", "@id": "way/404848807"}, "geometry": {"type": "LineString", "coordinates": [[108.1889467, 15.9737732], [108.1890539, 15.9738807], [108.1891225, 15.9741323], [108.1891541, 15.9744408], [108.1891631, 15.9745071], [108.1892627, 15.9746549], [108.1894769, 15.9748295], [108.1897542, 15.9749747], [108.1898758, 15.9750664], [108.1899746, 15.9751409], [108.1901732, 15.9753272], [108.1909003, 15.9760914], [108.1917846, 15.9770303]]}}, {"type": "Feature", "properties": {"highway": "unclassified", "lanes": "2", "lit": "no", "sidewalk": "no", "smoothness": "good", "surface": "asphalt", "@id": "way/428772531"}, "geometry": {"type": "LineString", "coordinates": [[108.1969591, 15.9527904], [108.1976666, 15.9523548], [108.1994047, 15.9513039], [108.200326, 15.950761], [108.2005312, 15.9506669], [108.2007726, 15.9505869], [108.2019514, 15.9502284], [108.2019917, 15.9502065], [108.2020332, 15.950173], [108.2020815, 15.950124], [108.2026641, 15.9493268]]}}, {"type": "Feature", "properties": {"highway": "unclassified", "lanes": "2", "lit": "no", "sidewalk": "no", "smoothness": "good", "surface": "asphalt", "@id": "way/428772572"}, "geometry": {"type": "LineString", "coordinates": [[108.1984501, 15.9581475], [108.1981011, 15.9569903], [108.1980569, 15.9568124], [108.1979764, 15.9566525], [108.1969384, 15.9551645], [108.1968534, 15.9550555], [108.1960103, 15.9541162], [108.1958843, 15.953964], [108.1958716, 15.9539388], [108.1958454, 15.9538866], [108.195836, 15.9538067], [108.1958306, 15.95371], [108.1958414, 15.9536159], [108.1958588, 15.9535424], [108.1958762, 15.953505], [108.1961511, 15.9533139], [108.1961811, 15.953293], [108.196477, 15.9530872]]}}, {"type": "Feature", "properties": {"bridge": "yes", "highway": "unclassified", "lanes": "2", "layer": "1", "lit": "no", "sidewalk": "no", "smoothness": "good", "surface": "asphalt", "@id": "way/428772641"}, "geometry": {"type": "LineString", "coordinates": [[108.196477, 15.9530872], [108.1969591, 15.9527904]]}}, {"type": "Feature", "properties": {"highway": "residential", "source": "Bing", "@id": "way/430182957"}, "geometry": {"type": "LineString", "coordinates": [[108.1787204, 15.9540774], [108.1784182, 15.9541822], [108.1783471, 15.9541925], [108.1778208, 15.9542083], [108.1775599, 15.9541719], [108.1774392, 15.9541603], [108.1773346, 15.9541642], [108.1772407, 15.9541745], [108.1770677, 15.9542054], [108.1767886, 15.9541938]]}}, {"type": "Feature", "properties": {"highway": "residential", "source": "Bing", "@id": "way/430182958"}, "geometry": {"type": "LineString", "coordinates": [[108.189882, 15.9527372], [108.1896205, 15.9528017], [108.1895816, 15.9528237], [108.1895266, 15.9528714], [108.1894662, 15.9529436], [108.189426, 15.95299], [108.1893885, 15.9530145], [108.1893455, 15.95303], [108.1888259, 15.9530966], [108.1884806, 15.9531721]]}}, {"type": "Feature", "properties": {"highway": "residential", "source": "Bing", "@id": "way/430182959"}, "geometry": {"type": "LineString", "coordinates": [[108.1691713, 15.9486198], [108.1690347, 15.9489674], [108.1683915, 15.9506364], [108.1681504, 15.9512945], [108.1681152, 15.9513519], [108.1677706, 15.952149], [108.167484, 15.95291], [108.1674393, 15.9529587]]}}, {"type": "Feature", "properties": {"highway": "residential", "source": "Bing", "@id": "way/430182968"}, "geometry": {"type": "LineString", "coordinates": [[108.1759573, 15.9574599], [108.1759116, 15.9574544], [108.1758043, 15.9575021], [108.1756756, 15.957604], [108.1753471, 15.9578416], [108.1753377, 15.957959], [108.1752586, 15.9579873], [108.1750051, 15.9580866], [108.1749354, 15.9581163], [108.1748884, 15.9581176], [108.1747693, 15.958118]]}}, {"type": "Feature", "properties": {"highway": "residential", "source": "Bing", "@id": "way/430182973"}, "geometry": {"type": "LineString", "coordinates": [[108.1747436, 15.9594431], [108.1741233, 15.9593393], [108.1741045, 15.9593386], [108.1740965, 15.9593422], [108.1740905, 15.9593499], [108.1740643, 15.9594366], [108.1740593, 15.959445], [108.1740549, 15.9594511], [108.1740465, 15.9594579], [108.1740388, 15.9594615], [108.173845, 15.9594472]]}}, {"type": "Feature", "properties": {"highway": "residential", "source": "Bing", "@id": "way/430182979"}, "geometry": {"type": "LineString", "coordinates": [[108.1931541, 15.9627348], [108.1931474, 15.962544], [108.1931796, 15.96237], [108.1931876, 15.9621301], [108.1931461, 15.9618426], [108.1931367, 15.9616299], [108.1931273, 15.9615383], [108.193183, 15.9611276], [108.1931715, 15.9610122], [108.1931018, 15.9607486], [108.1930324, 15.9605793]]}}, {"type": "Feature", "properties": {"highway": "residential", "source": "Bing", "@id": "way/430182980"}, "geometry": {"type": "LineString", "coordinates": [[108.1773483, 15.9627507], [108.1774742, 15.9626026], [108.1775185, 15.9625145], [108.1775674, 15.9624381], [108.1777507, 15.9622574], [108.177905, 15.9620782], [108.1780059, 15.9619048], [108.1781266, 15.9615478], [108.1781602, 15.961376], [108.1781648, 15.961138], [108.1781631, 15.9608805]]}}, {"type": "Feature", "properties": {"highway": "tertiary", "lanes": "2", "lit": "no", "sidewalk": "no", "smoothness": "good", "source": "Bing", "surface": "asphalt", "@id": "way/430182982"}, "geometry": {"type": "LineString", "coordinates": [[108.1717256, 15.9593707], [108.1715563, 15.9592596], [108.1713449, 15.9591384], [108.1711498, 15.9590837], [108.1709953, 15.9590602], [108.1707728, 15.9590507], [108.1706863, 15.9590446], [108.1704342, 15.9590485], [108.1700399, 15.9590446], [108.1698022, 15.9590547], [108.1694101, 15.9590806], [108.1691846, 15.9591407]]}}, {"type": "Feature", "properties": {"highway": "residential", "source": "Bing", "@id": "way/430182983"}, "geometry": {"type": "LineString", "coordinates": [[108.1808868, 15.9662325], [108.1806218, 15.9662968], [108.1803655, 15.9663571], [108.179976, 15.9664529], [108.1798331, 15.9664942], [108.1796768, 15.9665395], [108.1794266, 15.9667177], [108.1792781, 15.9668929]]}}, {"type": "Feature", "properties": {"highway": "residential", "source": "Bing", "@id": "way/430182985"}, "geometry": {"type": "LineString", "coordinates": [[108.188563, 15.9616529], [108.1882203, 15.9610734], [108.1878125, 15.9604832], [108.1876169, 15.9601373], [108.1874291, 15.9597711], [108.1873996, 15.9596319], [108.1873674, 15.9594617], [108.1873245, 15.9593198], [108.1872992, 15.9591634], [108.1871569, 15.9585991], [108.1870007, 15.9580475], [108.1869396, 15.9578319], [108.186758, 15.9572596], [108.1867062, 15.9570685], [108.1863324, 15.9559857]]}}, {"type": "Feature", "properties": {"highway": "residential", "source": "Bing", "@id": "way/430182996"}, "geometry": {"type": "LineString", "coordinates": [[108.1817775, 15.9611917], [108.1818362, 15.9609164], [108.1818653, 15.9608486], [108.1820885, 15.9603363], [108.1821752, 15.9600527], [108.1821977, 15.959979], [108.1822265, 15.9598264], [108.1822691, 15.9597549], [108.1822979, 15.9597367], [108.182361, 15.9597199], [108.1823985, 15.9597173], [108.1824328, 15.9597003], [108.1825619, 15.959568], [108.1826368, 15.9595071], [108.1827128, 15.9593982], [108.1828253, 15.9593281], [108.1828491, 15.9593073], [108.1828666, 15.9592738], [108.1828934, 15.9592286], [108.1828961, 15.9591655], [108.1828988, 15.9590945], [108.1829135, 15.9589102], [108.1829202, 15.9588753], [108.1829269, 15.9588508], [108.1829497, 15.9588405], [108.1829779, 15.9588379], [108.1830114, 15.9588444], [108.1832783, 15.9590765]]}}, {"type": "Feature", "properties": {"highway": "residential", "source": "Bing", "@id": "way/430182997"}, "geometry": {"type": "LineString", "coordinates": [[108.1941844, 15.9600507], [108.1940167, 15.960137], [108.1937861, 15.9602388], [108.1935513, 15.9603254], [108.1932698, 15.9604245], [108.1930324, 15.9605793], [108.1926864, 15.9608475], [108.1924866, 15.9609313], [108.1923189, 15.9609829], [108.1922049, 15.9610048], [108.1920534, 15.9610125], [108.1918524, 15.9610058], [108.19107, 15.9609549], [108.1910562, 15.9609554]]}}, {"type": "Feature", "properties": {"highway": "residential", "source": "Bing", "@id": "way/430183001"}, "geometry": {"type": "LineString", "coordinates": [[108.1777419, 15.9632021], [108.178182, 15.962835], [108.1783165, 15.9626712], [108.1783793, 15.9625563], [108.1784301, 15.9624327], [108.1785197, 15.9623235], [108.178729, 15.9621194], [108.1788814, 15.9619068], [108.1788878, 15.9618799], [108.1789053, 15.9618062], [108.1789322, 15.9616021], [108.1789397, 15.9612975], [108.178869, 15.9605548]]}}, {"type": "Feature", "properties": {"access": "agricultural", "highway": "track", "lit": "no", "smoothness": "good", "source": "Bing", "surface": "asphalt", "tracktype": "grade1", "@id": "way/430183004"}, "geometry": {"type": "LineString", "coordinates": [[108.1696374, 15.9549649], [108.169567, 15.9549455], [108.1695046, 15.9549365], [108.1694376, 15.954932], [108.169327, 15.9549397], [108.1692954, 15.9549391], [108.1689018, 15.9547663], [108.1684204, 15.9545213], [108.1681253, 15.9543292], [108.1678463, 15.9541848]]}}, {"type": "Feature", "properties": {"highway": "residential", "source": "Bing", "@id": "way/430183005"}, "geometry": {"type": "LineString", "coordinates": [[108.1900771, 15.9540628], [108.1899672, 15.9533471], [108.1899826, 15.953322], [108.1900067, 15.9533021], [108.1900261, 15.9532827], [108.1900644, 15.9532382], [108.1900771, 15.9531854], [108.1900664, 15.9531422], [108.1899879, 15.9528649], [108.189882, 15.9527372], [108.1898404, 15.9525374], [108.1898162, 15.9521609], [108.1898229, 15.9518302]]}}, {"type": "Feature", "properties": {"highway": "residential", "source": "Bing", "@id": "way/430183006"}, "geometry": {"type": "LineString", "coordinates": [[108.178869, 15.9605548], [108.1787163, 15.9595035], [108.178703, 15.9594452], [108.1786946, 15.9594086], [108.1786692, 15.9593217], [108.178661, 15.9593088], [108.178643, 15.9592807], [108.1786124, 15.9592577], [108.1784966, 15.9592046], [108.1784196, 15.9591773], [108.1782993, 15.9591636], [108.1780766, 15.9591528], [108.17781, 15.959165]]}}, {"type": "Feature", "properties": {"highway": "residential", "source": "Bing", "@id": "way/430183009"}, "geometry": {"type": "LineString", "coordinates": [[108.1773483, 15.9627507], [108.1777357, 15.9631748], [108.1777419, 15.9632021], [108.1777469, 15.9632243], [108.1778745, 15.963502], [108.1779484, 15.9635924], [108.1780301, 15.9636526], [108.178132, 15.9636699], [108.1782742, 15.9636548], [108.1783324, 15.9636419], [108.178385, 15.9636128], [108.1784376, 15.9635676], [108.1785283, 15.9634987], [108.1785488, 15.9634779], [108.1787622, 15.9632609]]}}, {"type": "Feature", "properties": {"highway": "residential", "source": "Bing", "@id": "way/430183011"}, "geometry": {"type": "LineString", "coordinates": [[108.1743921, 15.9577647], [108.1747051, 15.9579211], [108.1747495, 15.9579696], [108.1747663, 15.9580284], [108.1747754, 15.9580739], [108.1747693, 15.958118], [108.1747433, 15.9581503], [108.1746975, 15.9582487], [108.1746853, 15.9583016], [108.174696, 15.9583736], [108.1748737, 15.959131], [108.1748898, 15.9591659], [108.1749152, 15.95918], [108.1753766, 15.9593387]]}}, {"type": "Feature", "properties": {"highway": "residential", "source": "Bing", "@id": "way/430183012"}, "geometry": {"type": "LineString", "coordinates": [[108.1885409, 15.9539909], [108.188267, 15.9540657], [108.188165, 15.9540825], [108.1880041, 15.9540683], [108.1877493, 15.9539638], [108.1876809, 15.9539419], [108.1875763, 15.9538246], [108.187488, 15.9536931], [108.1873778, 15.9535848], [108.1873298, 15.9535603], [108.1872694, 15.9535164], [108.1871621, 15.9534146], [108.1869594, 15.9532353], [108.1867555, 15.9530986], [108.1867019, 15.9530832], [108.1866684, 15.9530819], [108.1866389, 15.9530948], [108.186431, 15.9533295]]}}, {"type": "Feature", "properties": {"highway": "tertiary", "lanes": "2", "lit": "no", "sidewalk": "no", "smoothness": "good", "source": "Bing", "surface": "asphalt", "@id": "way/430183018"}, "geometry": {"type": "LineString", "coordinates": [[108.1756856, 15.9605542], [108.1756058, 15.9604939], [108.1755651, 15.9604632], [108.1753836, 15.9603983], [108.1751845, 15.9603642], [108.1751339, 15.9603579], [108.1746826, 15.9603149], [108.1744631, 15.9602759], [108.1735118, 15.9600218], [108.1733076, 15.9599837], [108.1732394, 15.959971], [108.1729223, 15.9599241], [108.1726255, 15.9598928], [108.1724588, 15.9598381], [108.1723247, 15.9597638], [108.1718239, 15.9594352]]}}, {"type": "Feature", "properties": {"highway": "residential", "source": "Bing", "@id": "way/430183021"}, "geometry": {"type": "LineString", "coordinates": [[108.167171, 15.9544764], [108.1671912, 15.9547407], [108.1671885, 15.9548439], [108.1671697, 15.9549703], [108.1670128, 15.9556885], [108.1668264, 15.956135], [108.1665474, 15.9573983], [108.1664898, 15.9577258], [108.1664898, 15.9578109], [108.1665018, 15.9579076], [108.1665105, 15.9579418], [108.1665273, 15.9579779], [108.1665508, 15.9580146], [108.166589, 15.9580539], [108.1669728, 15.9583872], [108.1683157, 15.9593311]]}}, {"type": "Feature", "properties": {"highway": "residential", "source": "Bing", "@id": "way/430183029"}, "geometry": {"type": "LineString", "coordinates": [[108.1674393, 15.9529587], [108.1668723, 15.9527062], [108.1665737, 15.9525678], [108.1662183, 15.9522945], [108.1662022, 15.9522661], [108.1662002, 15.9522274], [108.1665683, 15.9511752], [108.1665777, 15.9511604], [108.1665941, 15.9511529], [108.16661, 15.9511505], [108.1668548, 15.9511449], [108.1668999, 15.9511488], [108.1669437, 15.9511579], [108.1670315, 15.9511854], [108.1681152, 15.9513519]]}}, {"type": "Feature", "properties": {"highway": "residential", "source": "Bing", "@id": "way/430183044"}, "geometry": {"type": "LineString", "coordinates": [[108.1723247, 15.9597638], [108.1722659, 15.9598559], [108.1722364, 15.9599732], [108.1721734, 15.9603704], [108.1721599, 15.9604929], [108.1721479, 15.9605174], [108.1721076, 15.9605573], [108.1720714, 15.9605986], [108.1720446, 15.9606386], [108.1719092, 15.961028], [108.1718837, 15.9610783], [108.1718502, 15.9611157], [108.1718139, 15.9611363], [108.171767, 15.9611466], [108.1714478, 15.961126], [108.1712043, 15.9610944], [108.1711292, 15.9611073], [108.1711078, 15.9611383]]}}, {"type": "Feature", "properties": {"highway": "residential", "source": "Bing", "@id": "way/430183049"}, "geometry": {"type": "LineString", "coordinates": [[108.1781631, 15.9608805], [108.1778872, 15.9595839], [108.177712, 15.9592945], [108.17781, 15.959165], [108.1775881, 15.9583377], [108.1773915, 15.9575895], [108.1770979, 15.9567936], [108.1767883, 15.9562605], [108.1767695, 15.9562162], [108.1766782, 15.9560015], [108.1766498, 15.9558808], [108.1766347, 15.9558025], [108.1766263, 15.9550881], [108.1767382, 15.9545651], [108.1767886, 15.9541938], [108.1768561, 15.953281], [108.1769372, 15.9524022]]}}, {"type": "Feature", "properties": {"highway": "residential", "source": "Bing", "@id": "way/430183050"}, "geometry": {"type": "LineString", "coordinates": [[108.1924206, 15.9626494], [108.1923844, 15.9626946], [108.1922463, 15.9627062], [108.1921899, 15.9626946], [108.1921641, 15.9626649], [108.1921399, 15.9625012], [108.1921225, 15.962358], [108.1920179, 15.9619712], [108.1919951, 15.9618654], [108.1919649, 15.9616063], [108.1919622, 15.9615438], [108.1919736, 15.9614986], [108.191995, 15.9614651], [108.1921057, 15.9614767], [108.1923384, 15.9614696], [108.1924296, 15.9614193], [108.1924993, 15.9613729], [108.1925731, 15.9613613], [108.1926602, 15.9613587], [108.1929338, 15.9614155], [108.1931273, 15.9615383]]}}, {"type": "Feature", "properties": {"highway": "tertiary", "source": "Bing", "@id": "way/430183051"}, "geometry": {"type": "LineString", "coordinates": [[108.1683157, 15.9593311], [108.1682711, 15.959328], [108.1682204, 15.9593126], [108.1681695, 15.9592951], [108.1680285, 15.9592266], [108.1679421, 15.9591775], [108.1677592, 15.9590954], [108.1675477, 15.9590133], [108.1672998, 15.9589586], [108.1671046, 15.9589273], [108.1670065, 15.9589223], [108.1669153, 15.9589384], [108.1667391, 15.9588941], [108.1665346, 15.9591933]]}}, {"type": "Feature", "properties": {"highway": "residential", "source": "Bing", "@id": "way/430183056"}, "geometry": {"type": "LineString", "coordinates": [[108.1827128, 15.9593982], [108.1822459, 15.9590846], [108.1817511, 15.9588457], [108.1813459, 15.9586261], [108.1808013, 15.9582347], [108.180784, 15.958225], [108.18077, 15.9582223], [108.1807515, 15.9582229], [108.1807275, 15.9582293], [108.1807174, 15.9582428], [108.1805386, 15.9585838], [108.1805358, 15.9585994], [108.180538, 15.9586155], [108.1805458, 15.9586295], [108.1805654, 15.9586451], [108.1807901, 15.9587854], [108.1809177, 15.9588123], [108.181225, 15.9588651]]}}, {"type": "Feature", "properties": {"highway": "residential", "source": "Bing", "@id": "way/430183060"}, "geometry": {"type": "LineString", "coordinates": [[108.1823508, 15.9527485], [108.1825372, 15.9524906], [108.182737, 15.9521682], [108.1829019, 15.9518949], [108.1831809, 15.9516292], [108.1834531, 15.951254], [108.1836798, 15.951027], [108.1837965, 15.9508194], [108.1839883, 15.9505628], [108.1840413, 15.9504544], [108.18418, 15.9497943], [108.1842175, 15.9493443], [108.1843141, 15.948421], [108.1842745, 15.9470593]]}}, {"type": "Feature", "properties": {"highway": "residential", "source": "Bing", "@id": "way/430183061"}, "geometry": {"type": "LineString", "coordinates": [[108.1810321, 15.966756], [108.1805883, 15.9669242], [108.1802301, 15.9670728], [108.1799334, 15.9672471], [108.179693, 15.9673894], [108.1795774, 15.967458], [108.1793138, 15.9675732], [108.1792914, 15.9675775], [108.1792685, 15.9675791], [108.1792411, 15.9675753], [108.1792058, 15.9675619], [108.1791244, 15.9675005], [108.1789439, 15.9673644], [108.1787211, 15.9672175], [108.1785793, 15.9671699], [108.1784838, 15.9671379], [108.1777338, 15.9668785], [108.1775368, 15.9667827], [108.1765517, 15.9665287], [108.176414, 15.9665007], [108.1761823, 15.9664657]]}}, {"type": "Feature", "properties": {"highway": "residential", "lanes": "2", "lit": "no", "sidewalk": "no", "smoothness": "good", "surface": "asphalt", "@id": "way/430183065"}, "geometry": {"type": "LineString", "coordinates": [[108.1984501, 15.9581475], [108.1984059, 15.958143], [108.1983298, 15.9581391], [108.1982198, 15.9581494], [108.1980991, 15.9581636], [108.1972247, 15.9583686], [108.1968787, 15.9584498], [108.1965936, 15.9585254], [108.1965065, 15.9585575], [108.1963241, 15.9586258], [108.1961954, 15.9586961], [108.1959902, 15.9588179], [108.1958843, 15.9588856], [108.1941844, 15.9600507]]}}, {"type": "Feature", "properties": {"highway": "residential", "source": "Bing", "@id": "way/430183066"}, "geometry": {"type": "LineString", "coordinates": [[108.1890562, 15.9559345], [108.1880889, 15.9559543], [108.1873047, 15.9559625], [108.1863324, 15.9559857], [108.1846223, 15.956049], [108.1837461, 15.9561243], [108.1837119, 15.9561443], [108.183681, 15.9561682], [108.1836569, 15.9561862], [108.1836348, 15.9561985], [108.1836173, 15.9562036], [108.1835905, 15.9562023], [108.183042, 15.9560579], [108.182932, 15.9560669], [108.1827952, 15.956085], [108.1825994, 15.9560644], [108.1825243, 15.9560424], [108.1823031, 15.9558877], [108.1822011, 15.9558129], [108.1819343, 15.9557033]]}}, {"type": "Feature", "properties": {"highway": "residential", "source": "Bing", "@id": "way/430183067"}, "geometry": {"type": "LineString", "coordinates": [[108.1762485, 15.9563697], [108.1761732, 15.9560597], [108.1761534, 15.9559706], [108.1761048, 15.9557514], [108.1760767, 15.9552666], [108.1760585, 15.9550924], [108.1761933, 15.9547857], [108.1762014, 15.9547173], [108.1761973, 15.9546825], [108.1761886, 15.954669], [108.1761229, 15.9545981], [108.1761115, 15.9545826], [108.1761068, 15.9545658], [108.1761088, 15.9545433], [108.1761826, 15.9541551], [108.1761926, 15.9541384], [108.1762081, 15.9541281], [108.1762295, 15.9541229], [108.1765886, 15.9541644], [108.1767886, 15.9541938]]}}, {"type": "Feature", "properties": {"highway": "residential", "source": "Bing", "@id": "way/430183070"}, "geometry": {"type": "LineString", "coordinates": [[108.1831976, 15.9541882], [108.1834926, 15.9539884], [108.1837434, 15.9538349], [108.1839046, 15.9537692], [108.1840921, 15.9537331], [108.1845682, 15.9535874], [108.1846607, 15.9535241], [108.1848204, 15.9533939], [108.1850094, 15.953167], [108.185106, 15.953011], [108.1851408, 15.9529736], [108.1850497, 15.952646], [108.1850255, 15.9525918], [108.1850282, 15.9525454], [108.1850519, 15.9525227], [108.1850644, 15.9525107], [108.1854587, 15.9520322], [108.1861292, 15.9513024], [108.1864618, 15.9507622], [108.1866299, 15.9502592]]}}, {"type": "Feature", "properties": {"access": "agricultural", "highway": "track", "lit": "no", "smoothness": "very_bad", "source": "Bing", "surface": "ground", "tracktype": "grade4", "@id": "way/430183084"}, "geometry": {"type": "LineString", "coordinates": [[108.1903269, 15.955607], [108.1903111, 15.955587]]}}, {"type": "Feature", "properties": {"highway": "residential", "source": "Bing", "@id": "way/430183085"}, "geometry": {"type": "LineString", "coordinates": [[108.1778208, 15.9542083], [108.1772896, 15.9524241]]}}, {"type": "Feature", "properties": {"highway": "residential", "source": "Bing", "@id": "way/430183087"}, "geometry": {"type": "LineString", "coordinates": [[108.1765886, 15.9541644], [108.1765648, 15.9532899]]}}, {"type": "Feature", "properties": {"bridge": "yes", "highway": "tertiary", "lanes": "2", "layer": "1", "lit": "no", "sidewalk": "both", "smoothness": "good", "source": "Bing", "surface": "asphalt", "@id": "way/430183089"}, "geometry": {"type": "LineString", "coordinates": [[108.1718239, 15.9594352], [108.1717256, 15.9593707]]}}, {"type": "Feature", "properties": {"highway": "residential", "source": "Bing", "@id": "way/430183094"}, "geometry": {"type": "LineString", "coordinates": [[108.1888091, 15.9587951], [108.1885275, 15.9578692]]}}, {"type": "Feature", "properties": {"highway": "residential", "lanes": "2", "lit": "no", "sidewalk": "no", "smoothness": "bad", "source": "Bing", "surface": "unpaved", "@id": "way/430183096"}, "geometry": {"type": "LineString", "coordinates": [[108.1758276, 15.9587276], [108.175941, 15.9586823], [108.1764963, 15.9585441], [108.1770104, 15.9584346], [108.1771472, 15.9584004]]}}, {"type": "Feature", "properties": {"highway": "residential", "source": "Bing", "@id": "way/430183103"}, "geometry": {"type": "LineString", "coordinates": [[108.1935068, 15.9588782], [108.192861, 15.9592042]]}}, {"type": "Feature", "properties": {"highway": "residential", "source": "Bing", "@id": "way/430183109"}, "geometry": {"type": "LineString", "coordinates": [[108.1827785, 15.9502349], [108.1840413, 15.9504544]]}}, {"type": "Feature", "properties": {"access": "agricultural", "bridge": "yes", "highway": "track", "layer": "1", "lit": "no", "smoothness": "good", "source": "Bing", "surface": "concrete", "tracktype": "grade1", "@id": "way/430183150"}, "geometry": {"type": "LineString", "coordinates": [[108.1903722, 15.9556646], [108.1903269, 15.955607]]}}, {"type": "Feature", "properties": {"bridge": "yes", "highway": "secondary", "lanes": "2", "layer": "1", "lit": "yes", "name": "\u0110\u01b0\u1eddng Nguy\u1ec5n B\u00e1 T\u00f9ng", "sidewalk": "both", "smoothness": "good", "source": "Bing", "surface": "asphalt", "@id": "way/430183151"}, "geometry": {"type": "LineString", "coordinates": [[108.1729464, 15.9707735], [108.1733611, 15.970767]]}}, {"type": "Feature", "properties": {"bridge": "yes", "highway": "residential", "lanes": "2", "layer": "1", "lit": "no", "sidewalk": "no", "smoothness": "good", "source": "Bing", "surface": "concrete", "@id": "way/430183155"}, "geometry": {"type": "LineString", "coordinates": [[108.1910562, 15.9609554], [108.1910291, 15.9609555], [108.1910032, 15.9609555]]}}, {"type": "Feature", "properties": {"highway": "residential", "source": "Bing", "@id": "way/430183157"}, "geometry": {"type": "LineString", "coordinates": [[108.1918524, 15.9610058], [108.191995, 15.9614651]]}}, {"type": "Feature", "properties": {"highway": "residential", "source": "Bing", "@id": "way/430183162"}, "geometry": {"type": "LineString", "coordinates": [[108.1796812, 15.9613266], [108.1789397, 15.9612975]]}}, {"type": "Feature", "properties": {"highway": "residential", "source": "Bing", "@id": "way/430183169"}, "geometry": {"type": "LineString", "coordinates": [[108.1871569, 15.9585991], [108.1885275, 15.9578692]]}}, {"type": "Feature", "properties": {"access": "agricultural", "highway": "track", "lit": "no", "smoothness": "good", "source": "Bing", "surface": "asphalt", "tracktype": "grade1", "@id": "way/430183174"}, "geometry": {"type": "LineString", "coordinates": [[108.1935318, 15.9538929], [108.1935415, 15.9539145]]}}, {"type": "Feature", "properties": {"access": "agricultural", "highway": "residential", "lit": "no", "smoothness": "horrible", "surface": "ground", "tracktype": "grade5", "@id": "way/430183179"}, "geometry": {"type": "LineString", "coordinates": [[108.1965204, 15.9615199], [108.1955728, 15.9615763]]}}, {"type": "Feature", "properties": {"highway": "residential", "source": "Bing", "@id": "way/430183181"}, "geometry": {"type": "LineString", "coordinates": [[108.1887273, 15.9550264], [108.1874921, 15.9551924]]}}, {"type": "Feature", "properties": {"highway": "residential", "source": "Bing", "@id": "way/430183196"}, "geometry": {"type": "LineString", "coordinates": [[108.1878125, 15.9604832], [108.1887545, 15.9599583], [108.1890281, 15.9598058], [108.1890504, 15.9597934], [108.1902642, 15.9591074]]}}, {"type": "Feature", "properties": {"access": "agricultural", "bridge": "yes", "highway": "track", "layer": "1", "lit": "no", "smoothness": "good", "source": "Bing", "surface": "asphalt", "tracktype": "grade1", "@id": "way/430183198"}, "geometry": {"type": "LineString", "coordinates": [[108.1935053, 15.9538349], [108.1935318, 15.9538929]]}}, {"type": "Feature", "properties": {"highway": "residential", "source": "Bing", "@id": "way/430183207"}, "geometry": {"type": "LineString", "coordinates": [[108.1795917, 15.9620568], [108.1788878, 15.9618799]]}}, {"type": "Feature", "properties": {"highway": "secondary", "name": "\u0110\u01b0\u1eddng Nguy\u1ec5n B\u00e1 T\u00f9ng", "@id": "way/430183208"}, "geometry": {"type": "LineString", "coordinates": [[108.1733611, 15.970767], [108.1738225, 15.970742], [108.174048, 15.9707483], [108.1744775, 15.9707706], [108.1745998, 15.9707834], [108.1747648, 15.9708021], [108.1749026, 15.9708021], [108.1750665, 15.9707896], [108.1752303, 15.9707565], [108.1760343, 15.9705662], [108.1764699, 15.9705105], [108.176929, 15.9704483], [108.1770861, 15.9704335], [108.1772617, 15.9704335], [108.1774928, 15.9704275], [108.1782045, 15.9704542], [108.1785747, 15.9704765], [108.1788856, 15.9704952], [108.1791505, 15.9705111], [108.1796936, 15.9705082], [108.1806848, 15.9705905], [108.1809108, 15.9706016], [108.1810935, 15.970588], [108.1814422, 15.9705697], [108.1819895, 15.9705578], [108.1821224, 15.9705296]]}}, {"type": "Feature", "properties": {"highway": "residential", "source": "Bing", "@id": "way/430183216"}, "geometry": {"type": "LineString", "coordinates": [[108.1872736, 15.9509427], [108.1869761, 15.9512482], [108.1867501, 15.9515248], [108.1866013, 15.9517002], [108.1864886, 15.9519169], [108.1864724, 15.9519594], [108.1863462, 15.9522902], [108.1862928, 15.95243], [108.1861613, 15.9528733], [108.1861413, 15.9529406], [108.1860823, 15.9533469], [108.1860743, 15.9534564], [108.1859736, 15.9535867], [108.1859294, 15.9536421], [108.1858637, 15.953686], [108.1855505, 15.9537324], [108.1854855, 15.9537305], [108.1854862, 15.9536815], [108.1854486, 15.9534829], [108.1854003, 15.9533785], [108.1852796, 15.9531528], [108.1851408, 15.9529736]]}}, {"type": "Feature", "properties": {"access": "agricultural", "highway": "track", "lit": "no", "smoothness": "bad", "source": "Bing", "surface": "ground", "tracktype": "grade3", "@id": "way/430183223"}, "geometry": {"type": "LineString", "coordinates": [[108.1769616, 15.9612732], [108.1768923, 15.9615761], [108.1768682, 15.9616316], [108.1768212, 15.9616767], [108.1767649, 15.961709], [108.1767099, 15.9617605], [108.1765181, 15.9620635], [108.1762579, 15.9623769], [108.1761869, 15.9624413], [108.1761225, 15.9624787], [108.17603, 15.9625058], [108.1759428, 15.9625084], [108.1758704, 15.9624981], [108.1757483, 15.9624633], [108.1756142, 15.962422], [108.1753326, 15.9624039], [108.1745655, 15.962431], [108.1745266, 15.9624413], [108.1744971, 15.9624549], [108.1744776, 15.9624813], [108.1733334, 15.9642172]]}}, {"type": "Feature", "properties": {"highway": "residential", "source": "Bing", "@id": "way/430183228"}, "geometry": {"type": "LineString", "coordinates": [[108.1735118, 15.9600218], [108.1736867, 15.9597794], [108.1737913, 15.9595667], [108.173845, 15.9594472], [108.1738675, 15.9593971], [108.1740035, 15.9587246], [108.1741948, 15.958249], [108.1742591, 15.9580406], [108.1742727, 15.9580125], [108.1743921, 15.9577647], [108.1745819, 15.9575046], [108.1746731, 15.9573724], [108.174762, 15.9570161], [108.174774, 15.9569952], [108.1748031, 15.9569744], [108.1751738, 15.9568357], [108.1754358, 15.9567034], [108.1758882, 15.956475], [108.1760735, 15.9564104], [108.1761598, 15.9563828], [108.1762485, 15.9563697], [108.1764008, 15.9563644], [108.1765039, 15.9563601], [108.1766086, 15.9563399], [108.1767883, 15.9562605]]}}, {"type": "Feature", "properties": {"highway": "tertiary", "source": "Bing", "@id": "way/430183230"}, "geometry": {"type": "LineString", "coordinates": [[108.1797397, 15.9607019], [108.1795804, 15.9606554], [108.1794052, 15.9605812], [108.1793042, 15.9605476], [108.1791738, 15.9605187], [108.1790449, 15.9605182], [108.178869, 15.9605548], [108.1786841, 15.9606126], [108.1784879, 15.9606902], [108.1781631, 15.9608805], [108.178061, 15.9609403], [108.1777846, 15.9610732], [108.177533, 15.9611858], [108.177313, 15.9612413], [108.1771341, 15.9612648], [108.1769616, 15.9612732], [108.1768048, 15.9612687], [108.1766759, 15.9612424], [108.1763698, 15.9611201], [108.176206, 15.9610547], [108.1760652, 15.9609685], [108.1759515, 15.9608628], [108.1758131, 15.9606948], [108.1756856, 15.9605542]]}}, {"type": "Feature", "properties": {"highway": "residential", "source": "Bing", "@id": "way/430183231"}, "geometry": {"type": "LineString", "coordinates": [[108.1968534, 15.9550555], [108.196769, 15.9551307], [108.1967373, 15.955154], [108.1966968, 15.955168], [108.1963933, 15.9552307], [108.1963494, 15.9552624], [108.1963248, 15.9553094], [108.1963313, 15.9553668], [108.1965918, 15.9560434], [108.1965965, 15.9560834], [108.1965924, 15.9561257], [108.196576, 15.9561627], [108.1965293, 15.9562201], [108.1965182, 15.9562456], [108.196518, 15.9562728], [108.1965689, 15.9565499], [108.1965693, 15.9565811], [108.1965618, 15.9566095], [108.1965461, 15.9566304], [108.1963663, 15.9567], [108.1959222, 15.956702], [108.1958491, 15.9566969], [108.1957629, 15.9566795], [108.195679, 15.9566511], [108.1955457, 15.9565833], [108.1954086, 15.9564957], [108.1953794, 15.9564718], [108.1953498, 15.9564397], [108.1952805, 15.9563417], [108.1952691, 15.9562939], [108.1952565, 15.9562708], [108.1951761, 15.956152]]}}, {"type": "Feature", "properties": {"highway": "residential", "source": "Bing", "@id": "way/430183244"}, "geometry": {"type": "LineString", "coordinates": [[108.1910032, 15.9609555], [108.1909749, 15.9609557], [108.1909032, 15.9609561], [108.1903067, 15.9609471], [108.189796, 15.9609197], [108.1896994, 15.960921], [108.1896176, 15.9609197], [108.1895465, 15.9609313], [108.1894993, 15.9609402], [108.1894353, 15.9609661], [108.1893467, 15.9610331], [108.188563, 15.9616529], [108.1883503, 15.9618274], [108.1880606, 15.962026], [108.1879641, 15.962053], [108.1870092, 15.9621948], [108.1862581, 15.9622], [108.1855728, 15.9621201], [108.184909, 15.9619989], [108.1843045, 15.9618305], [108.184217, 15.9618055], [108.1838403, 15.9616964], [108.1834874, 15.9615837], [108.1831857, 15.9614883], [108.1828666, 15.9614194], [108.1828196, 15.9614093], [108.1827673, 15.961398], [108.1825784, 15.9613637], [108.1823421, 15.9613207], [108.1822202, 15.9612888], [108.182131, 15.9612693], [108.1817775, 15.9611917], [108.1816145, 15.9611598], [108.1807886, 15.9610406], [108.1806849, 15.9609731], [108.1806314, 15.9609518], [108.1805519, 15.9609296], [108.1797397, 15.9607019]]}}, {"type": "Feature", "properties": {"highway": "residential", "source": "Bing", "@id": "way/430183246"}, "geometry": {"type": "LineString", "coordinates": [[108.1702623, 15.9661108], [108.1704125, 15.9657072], [108.1704256, 15.9656524], [108.1704795, 15.9654261], [108.1704956, 15.9652456], [108.1705171, 15.9648252], [108.1703723, 15.9642321], [108.1701357, 15.9639527], [108.1701567, 15.9637379], [108.1702376, 15.9635473], [108.1702801, 15.9633962], [108.1702515, 15.9633348], [108.1700081, 15.9631129], [108.1696273, 15.9627674], [108.1694462, 15.9626397], [108.16906, 15.9624889], [108.1689862, 15.9624476], [108.1687167, 15.9620698], [108.1683479, 15.9613993], [108.1686794, 15.9606963], [108.168656, 15.9605101], [108.1682252, 15.9602646], [108.1679537, 15.9605553], [108.1678603, 15.9605376], [108.1677323, 15.9602879], [108.1676317, 15.9601731], [108.1675566, 15.9601125], [108.1675043, 15.9600841], [108.1674158, 15.9600777], [108.1667704, 15.9601327], [108.166296, 15.9601731], [108.1653861, 15.9602053]]}}, {"type": "Feature", "properties": {"highway": "residential", "source": "Bing", "@id": "way/430183248"}, "geometry": {"type": "LineString", "coordinates": [[108.1931541, 15.9627348], [108.1931889, 15.9627675], [108.1932473, 15.9627858], [108.1932876, 15.9627883], [108.1933385, 15.9627806], [108.193419, 15.9627523], [108.1937046, 15.9626272], [108.193828, 15.9626336], [108.1939098, 15.9626452], [108.1939916, 15.9626633], [108.1940815, 15.9626775], [108.1941807, 15.9626904], [108.1943926, 15.9626955], [108.1944329, 15.9626762], [108.1944744, 15.9626427], [108.1944986, 15.9626104], [108.1945173, 15.9625885], [108.194571, 15.9625756], [108.1947601, 15.9625653], [108.1948674, 15.962544], [108.1949123, 15.9625402], [108.1949519, 15.9625466], [108.1952073, 15.9625885], [108.1952442, 15.9625879], [108.195261, 15.9625788], [108.1952824, 15.962555], [108.1955118, 15.9619941], [108.1955614, 15.9617788], [108.1955728, 15.9615763]]}}, {"type": "Feature", "properties": {"highway": "residential", "source": "Bing", "@id": "way/430183269"}, "geometry": {"type": "LineString", "coordinates": [[108.1965936, 15.9585254], [108.1964533, 15.9576818], [108.1964037, 15.9574067], [108.1963923, 15.9572842], [108.1963905, 15.9571464], [108.1963663, 15.9567]]}}, {"type": "Feature", "properties": {"highway": "residential", "source": "Bing", "@id": "way/430183270"}, "geometry": {"type": "LineString", "coordinates": [[108.1898439, 15.9581885], [108.1888091, 15.9587951], [108.1882414, 15.9591053], [108.1880888, 15.9591887], [108.1873996, 15.9596319]]}}, {"type": "Feature", "properties": {"highway": "residential", "source": "Bing", "@id": "way/430183290"}, "geometry": {"type": "LineString", "coordinates": [[108.1768561, 15.953281], [108.1765648, 15.9532899], [108.1761, 15.9532858], [108.1761169, 15.9528768]]}}, {"type": "Feature", "properties": {"highway": "residential", "source": "Bing", "@id": "way/430183295"}, "geometry": {"type": "LineString", "coordinates": [[108.178703, 15.9594452], [108.178309, 15.9594941], [108.1778872, 15.9595839]]}}, {"type": "Feature", "properties": {"highway": "residential", "source": "Bing", "@id": "way/430183304"}, "geometry": {"type": "LineString", "coordinates": [[108.1788053, 15.9590245], [108.1791759, 15.9591564], [108.1794848, 15.9592722]]}}, {"type": "Feature", "properties": {"highway": "residential", "source": "Bing", "@id": "way/430183324"}, "geometry": {"type": "LineString", "coordinates": [[108.1821096, 15.9447544], [108.1823028, 15.9448366], [108.1823549, 15.9448587], [108.1823873, 15.9448714], [108.1838477, 15.9468118], [108.1839644, 15.9469085], [108.1842745, 15.9470593], [108.1847924, 15.9473231], [108.1849126, 15.9473843], [108.1849569, 15.947445], [108.1849971, 15.947503], [108.1853672, 15.9477802], [108.1854645, 15.9478833], [108.1854992, 15.9479322], [108.185563, 15.9480471], [108.1856831, 15.9483994], [108.1856985, 15.9485062], [108.1857038, 15.9486364], [108.1857038, 15.9488117], [108.1856945, 15.9490723], [108.1856336, 15.9495471], [108.1856052, 15.9497679], [108.1855825, 15.9498827], [108.1855785, 15.9499329], [108.185619, 15.9499472], [108.1857353, 15.9499884], [108.1865266, 15.9502308], [108.1866299, 15.9502592], [108.1872736, 15.9509427], [108.187826, 15.9515746], [108.1882646, 15.9522566], [108.1883452, 15.9523985], [108.188423, 15.9527221], [108.1884518, 15.9529471], [108.1884806, 15.9531721], [108.1885409, 15.9539909], [108.1887273, 15.9550264], [108.1890562, 15.9559345], [108.1894153, 15.9568857], [108.1894502, 15.9569862], [108.189748, 15.957952], [108.1898439, 15.9581885], [108.1902642, 15.9591074], [108.1906961, 15.9599829], [108.1909032, 15.9609561]]}}, {"type": "Feature", "properties": {"highway": "residential", "source": "Bing", "@id": "way/430183332"}, "geometry": {"type": "LineString", "coordinates": [[108.1863324, 15.9559857], [108.1857591, 15.9542398], [108.1854963, 15.9538078], [108.1854855, 15.9537305], [108.1854281, 15.9537137], [108.1853798, 15.9536763], [108.1853557, 15.9536725], [108.1853262, 15.9536802], [108.1852967, 15.9537447], [108.1851089, 15.9543675], [108.1850244, 15.9546305], [108.1848823, 15.9550457], [108.1848232, 15.9552727], [108.184724, 15.9556518], [108.1846744, 15.95584], [108.1846223, 15.956049]]}}, {"type": "Feature", "properties": {"highway": "residential", "source": "Bing", "@id": "way/430183344"}, "geometry": {"type": "LineString", "coordinates": [[108.1818362, 15.9609164], [108.1815172, 15.9608282], [108.1809608, 15.9607248], [108.1808097, 15.9607119], [108.180619, 15.9606719]]}}, {"type": "Feature", "properties": {"access": "agricultural", "highway": "track", "lit": "no", "smoothness": "bad", "surface": "grass", "tracktype": "grade3", "@id": "way/430183354"}, "geometry": {"type": "LineString", "coordinates": [[108.1773483, 15.9627507], [108.1772239, 15.9626301], [108.1769508, 15.9624493], [108.1765181, 15.9620635]]}}, {"type": "Feature", "properties": {"highway": "unclassified", "lanes": "2", "lit": "no", "sidewalk": "no", "smoothness": "good", "source": "Bing", "surface": "asphalt", "@id": "way/430183360"}, "geometry": {"type": "LineString", "coordinates": [[108.176692, 15.9649652], [108.1773105, 15.9628886], [108.1773483, 15.9627507]]}}, {"type": "Feature", "properties": {"highway": "residential", "source": "Bing", "@id": "way/430183391"}, "geometry": {"type": "LineString", "coordinates": [[108.178661, 15.9593088], [108.1787596, 15.9590946], [108.1788053, 15.9590245], [108.1788784, 15.9589121], [108.1791639, 15.9585831]]}}, {"type": "Feature", "properties": {"highway": "residential", "source": "Bing", "@id": "way/430183397"}, "geometry": {"type": "LineString", "coordinates": [[108.171767, 15.9611466], [108.1717281, 15.961282], [108.1717147, 15.9613851], [108.1716932, 15.9615192], [108.1716785, 15.9615798]]}}, {"type": "Feature", "properties": {"highway": "residential", "source": "Bing", "@id": "way/430183410"}, "geometry": {"type": "LineString", "coordinates": [[108.1867094, 15.9500269], [108.1870224, 15.9502231], [108.1874677, 15.9506525], [108.1881853, 15.9512471], [108.1882629, 15.9513114], [108.1883662, 15.9514004], [108.1886411, 15.9515242], [108.1889938, 15.9516957], [108.1892191, 15.9517499], [108.1896242, 15.9518143], [108.1898229, 15.9518302], [108.1899165, 15.9518221], [108.1903054, 15.9518143], [108.1905146, 15.951786], [108.1912898, 15.9515564], [108.1914762, 15.9514894], [108.1917994, 15.9513372], [108.1918795, 15.9512907], [108.1922929, 15.951051], [108.1925826, 15.9508885], [108.1931244, 15.9506564], [108.1932451, 15.9506409], [108.1933605, 15.9506603], [108.1934771, 15.9506912], [108.1935469, 15.9507325], [108.1935777, 15.9507737], [108.1935978, 15.9508356], [108.193618, 15.9509994], [108.1936464, 15.9511258], [108.1937082, 15.951243], [108.1937735, 15.9513205], [108.1938044, 15.9514494], [108.1938044, 15.95155], [108.1937346, 15.9518479], [108.1935643, 15.9523637], [108.1934892, 15.952686], [108.1934785, 15.9527801], [108.1934865, 15.9528846], [108.1935804, 15.953234], [108.1935978, 15.9533449], [108.1936072, 15.9534416], [108.1935952, 15.9535396], [108.1935764, 15.9536157], [108.1935616, 15.9536434], [108.1935415, 15.9536544], [108.1935107, 15.9536596], [108.1931499, 15.9536557], [108.1928227, 15.953608], [108.1923748, 15.9536338], [108.1921867, 15.9536309], [108.1918299, 15.9536876], [108.1914651, 15.9537882], [108.1908496, 15.9539506], [108.1900771, 15.9540628], [108.1900449, 15.9540654], [108.1896332, 15.9540203], [108.1892564, 15.9539571], [108.1891383, 15.9539519], [108.1889238, 15.9539726], [108.1885409, 15.9539909]]}}, {"type": "Feature", "properties": {"highway": "track", "lit": "no", "smoothness": "very_bad", "surface": "ground", "tracktype": "grade4", "@id": "way/430183414"}, "geometry": {"type": "LineString", "coordinates": [[108.1816224, 15.9496399], [108.1816761, 15.949768], [108.181723, 15.9498531], [108.1817753, 15.9499072], [108.1819832, 15.950022], [108.1827785, 15.9502349]]}}, {"type": "Feature", "properties": {"highway": "residential", "source": "Bing", "@id": "way/430183415"}, "geometry": {"type": "LineString", "coordinates": [[108.1878395, 15.9565927], [108.1880554, 15.9566624], [108.1880876, 15.9566932], [108.1881104, 15.9567526], [108.1881708, 15.9569705], [108.1885275, 15.9578692]]}}, {"type": "Feature", "properties": {"highway": "residential", "source": "Bing", "@id": "way/430183417"}, "geometry": {"type": "LineString", "coordinates": [[108.19149, 15.9548971], [108.1904828, 15.955507], [108.1903111, 15.955587], [108.1896674, 15.9558848], [108.1895789, 15.9559145], [108.1890562, 15.9559345]]}}, {"type": "Feature", "properties": {"highway": "residential", "source": "Bing", "@id": "way/430183420"}, "geometry": {"type": "LineString", "coordinates": [[108.1941844, 15.9600507], [108.1938837, 15.9596287], [108.1936999, 15.9593489], [108.1935068, 15.9588782], [108.1931407, 15.9582903], [108.1929436, 15.9577487], [108.1929356, 15.9577187], [108.1929101, 15.9576865], [108.1928605, 15.9576929], [108.1928216, 15.9577136], [108.1926942, 15.9578851]]}}, {"type": "Feature", "properties": {"highway": "residential", "source": "Bing", "@id": "way/430183421"}, "geometry": {"type": "LineString", "coordinates": [[108.1756756, 15.957604], [108.1754155, 15.9572266], [108.1751727, 15.9569416], [108.1751667, 15.9569268], [108.1751633, 15.9568849], [108.1751738, 15.9568357]]}}, {"type": "Feature", "properties": {"highway": "track", "lit": "no", "source": "Bing", "@id": "way/430183423"}, "geometry": {"type": "LineString", "coordinates": [[108.1935415, 15.9539145], [108.1927218, 15.9542849], [108.1920271, 15.9546937], [108.1911827, 15.9551989], [108.1904117, 15.9556601], [108.1903896, 15.9556659], [108.1903722, 15.9556646]]}}, {"type": "Feature", "properties": {"access": "agricultural", "highway": "track", "lit": "no", "smoothness": "good", "source": "Bing", "surface": "asphalt", "tracktype": "grade1", "@id": "way/430183427"}, "geometry": {"type": "LineString", "coordinates": [[108.1935616, 15.9536434], [108.1935569, 15.9536957], [108.1935489, 15.9537356], [108.1935113, 15.9538027], [108.1935033, 15.9538227], [108.1935053, 15.9538349]]}}, {"type": "Feature", "properties": {"highway": "residential", "source": "Bing", "@id": "way/430183436"}, "geometry": {"type": "LineString", "coordinates": [[108.1843045, 15.9618305], [108.1842752, 15.9622298], [108.1843165, 15.9624903], [108.1844435, 15.9629199], [108.1844536, 15.9630736], [108.1844545, 15.9632521], [108.1844598, 15.9635004], [108.1844777, 15.9639071], [108.1844779, 15.9639814], [108.1845242, 15.9646892], [108.1845644, 15.9651225], [108.1845961, 15.965525], [108.184602, 15.9655995], [108.1845805, 15.9656846]]}}, {"type": "Feature", "properties": {"highway": "residential", "lanes": "2", "lit": "no", "sidewalk": "no", "smoothness": "bad", "source": "Bing", "surface": "unpaved", "@id": "way/430183437"}, "geometry": {"type": "LineString", "coordinates": [[108.1751845, 15.9603642], [108.1752464, 15.9600582], [108.1752736, 15.9599676], [108.1753182, 15.9598188], [108.1753855, 15.9595529], [108.1753739, 15.9594212], [108.1753766, 15.9593387]]}}, {"type": "Feature", "properties": {"highway": "unclassified", "source": "Bing", "@id": "way/430183440"}, "geometry": {"type": "LineString", "coordinates": [[108.1752303, 15.9707565], [108.1754848, 15.969244], [108.1755105, 15.9691065], [108.175669, 15.9682361], [108.1757103, 15.9680357], [108.1758726, 15.9674378], [108.1760955, 15.9666227], [108.1761823, 15.9664657], [108.1765, 15.9655147]]}}, {"type": "Feature", "properties": {"highway": "residential", "source": "Bing", "@id": "way/430183445"}, "geometry": {"type": "LineString", "coordinates": [[108.1880889, 15.9559543], [108.1878609, 15.9565592], [108.1878395, 15.9565927], [108.1877711, 15.9565992], [108.1875699, 15.9566662], [108.1871783, 15.9568841], [108.1867062, 15.9570685]]}}, {"type": "Feature", "properties": {"highway": "residential", "source": "Bing", "@id": "way/430183447"}, "geometry": {"type": "LineString", "coordinates": [[108.1751738, 15.9568357], [108.1751124, 15.9567907], [108.1750507, 15.9567082], [108.1750212, 15.9566399], [108.1750118, 15.9565548], [108.1750051, 15.9564619], [108.1750789, 15.9558997]]}}, {"type": "Feature", "properties": {"highway": "residential", "source": "Bing", "@id": "way/430183448"}, "geometry": {"type": "LineString", "coordinates": [[108.1753766, 15.9593387], [108.1753726, 15.9592213], [108.1753136, 15.9589312], [108.1753162, 15.9588951], [108.175335, 15.9588641], [108.1753551, 15.9588448], [108.175721, 15.9587461], [108.1758276, 15.9587276]]}}, {"type": "Feature", "properties": {"highway": "residential", "source": "Bing", "@id": "way/430183450"}, "geometry": {"type": "LineString", "coordinates": [[108.1679622, 15.948147], [108.167919, 15.9486695], [108.1679655, 15.94877], [108.167978, 15.9495462], [108.1679461, 15.950079], [108.1679418, 15.9504769], [108.1679895, 15.9508583], [108.1680524, 15.95115], [108.1681152, 15.9513519]]}}, {"type": "Feature", "properties": {"highway": "residential", "source": "Bing", "@id": "way/430183455"}, "geometry": {"type": "LineString", "coordinates": [[108.1931273, 15.9615383], [108.1933332, 15.9616163], [108.1934699, 15.9616472], [108.1937462, 15.9617156], [108.1945911, 15.9616898], [108.1947477, 15.9616717], [108.1955728, 15.9615763]]}}, {"type": "Feature", "properties": {"highway": "residential", "source": "Bing", "@id": "way/430183460"}, "geometry": {"type": "LineString", "coordinates": [[108.1820885, 15.9603363], [108.1817874, 15.9601986], [108.1815445, 15.9600608], [108.1812143, 15.9598423], [108.1811337, 15.9598025], [108.1809564, 15.959744], [108.1805751, 15.9596249], [108.1804392, 15.9596064], [108.1804088, 15.9596129], [108.1803726, 15.9596206]]}}, {"type": "Feature", "properties": {"access": "forestry", "highway": "track", "lit": "no", "smoothness": "horrible", "source": "Bing", "surface": "ground", "tracktype": "grade5", "@id": "way/430183468"}, "geometry": {"type": "LineString", "coordinates": [[108.1814333, 15.9531167], [108.181597, 15.9526344], [108.1818169, 15.9522605], [108.1819081, 15.9521444], [108.1819693, 15.9519933], [108.1820261, 15.951853], [108.1827785, 15.9502349], [108.1830253, 15.949704]]}}, {"type": "Feature", "properties": {"highway": "residential", "source": "Bing", "@id": "way/430183471"}, "geometry": {"type": "LineString", "coordinates": [[108.1914762, 15.9514894], [108.1914242, 15.9519469], [108.1913746, 15.9521724], [108.1913116, 15.9523775], [108.1911802, 15.9527425], [108.1911654, 15.9528714], [108.1912243, 15.9531309], [108.191337, 15.9534907], [108.1914651, 15.9537882]]}}, {"type": "Feature", "properties": {"highway": "residential", "source": "Bing", "@id": "way/430183473"}, "geometry": {"type": "LineString", "coordinates": [[108.1866299, 15.9502592], [108.1867094, 15.9500269], [108.1867459, 15.9496701], [108.1867535, 15.9495958], [108.1867549, 15.9491535], [108.1867159, 15.9488943], [108.1867085, 15.9487177], [108.1867188, 15.948479], [108.1866752, 15.9479775]]}}, {"type": "Feature", "properties": {"highway": "residential", "source": "Bing", "@id": "way/430183479"}, "geometry": {"type": "LineString", "coordinates": [[108.1794402, 15.9634572], [108.1789372, 15.9638], [108.1788943, 15.9638303], [108.1787513, 15.9639313], [108.1781802, 15.9641811], [108.1781657, 15.9641951], [108.178159, 15.9642113], [108.1781562, 15.964236], [108.1781295, 15.9647034], [108.178111, 15.9648285]]}}, {"type": "Feature", "properties": {"highway": "residential", "source": "Bing", "@id": "way/430183481"}, "geometry": {"type": "LineString", "coordinates": [[108.1691328, 15.9517725], [108.1691073, 15.9516139], [108.1690644, 15.9515353], [108.1687399, 15.9511523], [108.1687245, 15.9511426], [108.1687043, 15.9511375], [108.1686782, 15.9511394], [108.1681504, 15.9512945]]}}, {"type": "Feature", "properties": {"highway": "residential", "source": "Bing", "@id": "way/430183485"}, "geometry": {"type": "LineString", "coordinates": [[108.1894502, 15.9569862], [108.189072, 15.9571768], [108.1889929, 15.9572464], [108.1889097, 15.9573754], [108.1888024, 15.957632], [108.1887756, 15.9576964], [108.1887045, 15.9577532], [108.1885275, 15.9578692]]}}, {"type": "Feature", "properties": {"highway": "residential", "source": "Bing", "@id": "way/430183488"}, "geometry": {"type": "LineString", "coordinates": [[108.1775881, 15.9583377], [108.1771743, 15.9584074], [108.1771621, 15.958407], [108.1771472, 15.9584004], [108.1771235, 15.9583806], [108.1767492, 15.9574271], [108.1768565, 15.9573688], [108.1765494, 15.9567973]]}}, {"type": "Feature", "properties": {"highway": "residential", "lanes": "2", "lit": "no", "sidewalk": "no", "smoothness": "good", "source": "Bing", "surface": "asphalt", "@id": "way/430183500"}, "geometry": {"type": "LineString", "coordinates": [[108.1769372, 15.9524022], [108.1770876, 15.9515655], [108.177095, 15.9514706], [108.177116, 15.9513442], [108.1771743, 15.95112], [108.1775703, 15.9498211], [108.1780668, 15.9480929], [108.178074, 15.9480064], [108.1782198, 15.9467506]]}}, {"type": "Feature", "properties": {"access": "agricultural", "highway": "track", "lit": "no", "smoothness": "bad", "source": "Bing", "surface": "ground", "tracktype": "grade3", "@id": "way/430183503"}, "geometry": {"type": "LineString", "coordinates": [[108.1724613, 15.9656229], [108.1711819, 15.9649054], [108.1711597, 15.9648841], [108.1711504, 15.9648628], [108.1711504, 15.9648415], [108.1711591, 15.9648138]]}}, {"type": "Feature", "properties": {"highway": "unclassified", "lanes": "2", "lit": "no", "sidewalk": "no", "smoothness": "good", "source": "Bing", "surface": "asphalt", "@id": "way/430183507"}, "geometry": {"type": "LineString", "coordinates": [[108.1736667, 15.98446], [108.1736379, 15.9842323], [108.173643, 15.9841185], [108.1736868, 15.9839217], [108.1736952, 15.9838945], [108.1738222, 15.983482], [108.1739058, 15.9832256], [108.1740696, 15.9828155], [108.1741754, 15.982518], [108.1741819, 15.9824935], [108.17423, 15.9823113], [108.1742996, 15.9818012], [108.1744238, 15.9811779], [108.1744283, 15.9811552], [108.1745303, 15.9803971], [108.1745621, 15.9803092], [108.1745745, 15.9800529], [108.1746097, 15.9796919], [108.1746134, 15.9796545], [108.1746255, 15.979327], [108.1745767, 15.9790933], [108.1745557, 15.9789931], [108.1744498, 15.978605], [108.1743479, 15.978293], [108.1742634, 15.97799], [108.1742444, 15.9778169], [108.1742473, 15.9776561], [108.1742619, 15.9775301], [108.1743023, 15.9771804], [108.1743237, 15.9768387], [108.1742996, 15.9765847], [108.1743657, 15.9762845], [108.1743452, 15.9760948], [108.1743465, 15.9757441], [108.1744022, 15.9754905], [108.1744188, 15.975389], [108.1744739, 15.975053], [108.1745195, 15.9747629], [108.1745718, 15.9746224], [108.1746188, 15.9744986], [108.1747556, 15.9742111], [108.1749433, 15.9737907], [108.1749903, 15.973569], [108.1750546, 15.9733795], [108.1751043, 15.9732106], [108.1751364, 15.9729347], [108.1751552, 15.9726136], [108.1751941, 15.9720321], [108.1752026, 15.971742], [108.1752048, 15.9716182], [108.1752069, 15.9711999], [108.1752303, 15.9707565]]}}, {"type": "Feature", "properties": {"highway": "residential", "source": "Bing", "@id": "way/430183509"}, "geometry": {"type": "LineString", "coordinates": [[108.1932698, 15.9604245], [108.1930321, 15.9595558], [108.192861, 15.9592042], [108.1927612, 15.9590826], [108.1924782, 15.9586661], [108.1924286, 15.9586094], [108.1922931, 15.9585307], [108.1921604, 15.9583983], [108.1920732, 15.9582329], [108.1920262, 15.9581001], [108.1919941, 15.9580746], [108.1919552, 15.9580772], [108.191734, 15.9581365], [108.1916977, 15.9581184], [108.191573, 15.9579005], [108.1915462, 15.9578735], [108.1915019, 15.9578683], [108.1913786, 15.9579096], [108.191164, 15.957996], [108.1908327, 15.9581442]]}}, {"type": "Feature", "properties": {"highway": "primary", "name": "\u0110\u01b0\u1eddng V\u00e0nh \u0111ai ph\u00eda t\u00e2y \u0110\u00e0 N\u1eb5ng", "oneway": "yes", "surface": "asphalt", "@id": "way/583338969"}, "geometry": {"type": "LineString", "coordinates": [[108.1703321, 15.9637781], [108.1701567, 15.9637379], [108.1666612, 15.9629913], [108.1646295, 15.9625629], [108.1643299, 15.9625218], [108.1622525, 15.9622262], [108.1618193, 15.9621788], [108.1613582, 15.9621068]]}}, {"type": "Feature", "properties": {"highway": "motorway", "lanes": "2", "maxspeed": "120", "minspeed": "80", "name": "\u0110\u01b0\u1eddng cao t\u1ed1c \u0110\u00e0 N\u1eb5ng - Qu\u1ea3ng Ng\u00e3i", "name:en": "Da Nang - Quang Ngai Expressway", "oneway": "yes", "ref": "CT.01", "surface": "asphalt", "toll": "yes", "wikidata": "Q24958940", "wikipedia": "vi:\u0110\u01b0\u1eddng cao t\u1ed1c \u0110\u00e0 N\u1eb5ng \u2013 Qu\u1ea3ng Ng\u00e3i", "@id": "way/583346305"}, "geometry": {"type": "LineString", "coordinates": [[108.1752562, 15.9274143], [108.174939, 15.9302834], [108.1746333, 15.9331497], [108.1739971, 15.9389889], [108.1733934, 15.9441544], [108.1731244, 15.9467101], [108.1730164, 15.9476226], [108.1728337, 15.9487584], [108.1727124, 15.9494925], [108.1726106, 15.950088], [108.1724844, 15.950705], [108.172105, 15.9521092], [108.1717848, 15.9531219], [108.1713458, 15.9543405], [108.1705784, 15.9561319], [108.1697951, 15.9577423], [108.1687286, 15.959917]]}}, {"type": "Feature", "properties": {"bridge": "yes", "highway": "motorway", "lanes": "2", "layer": "2", "maxspeed": "120", "minspeed": "80", "name": "C\u1ea7u ORB 00B", "name:en": "ORB 00B Bridge", "oneway": "yes", "ref": "CT.01", "surface": "asphalt", "toll": "yes", "wikidata": "Q24958940", "wikipedia": "vi:\u0110\u01b0\u1eddng cao t\u1ed1c \u0110\u00e0 N\u1eb5ng \u2013 Qu\u1ea3ng Ng\u00e3i", "@id": "way/583346359"}, "geometry": {"type": "LineString", "coordinates": [[108.1683358, 15.9603574], [108.1686004, 15.9598272]]}}, {"type": "Feature", "properties": {"highway": "motorway", "lanes": "2", "maxspeed": "120", "minspeed": "80", "name": "\u0110\u01b0\u1eddng cao t\u1ed1c \u0110\u00e0 N\u1eb5ng - Qu\u1ea3ng Ng\u00e3i", "name:en": "Da Nang - Quang Ngai Expressway", "oneway": "yes", "ref": "CT.01", "surface": "asphalt", "toll": "yes", "wikidata": "Q24958940", "wikipedia": "vi:\u0110\u01b0\u1eddng cao t\u1ed1c \u0110\u00e0 N\u1eb5ng \u2013 Qu\u1ea3ng Ng\u00e3i", "@id": "way/583346365"}, "geometry": {"type": "LineString", "coordinates": [[108.1686004, 15.9598272], [108.1696463, 15.9576817], [108.1704194, 15.9560834], [108.1711903, 15.9542752], [108.1716325, 15.9530732], [108.1719452, 15.9520686], [108.1723173, 15.9506806], [108.1724492, 15.950056], [108.1725545, 15.9494676], [108.1726927, 15.9487392], [108.1728614, 15.9476065], [108.1729641, 15.9466999], [108.1732332, 15.9441408], [108.1738396, 15.9389778], [108.1744682, 15.933123], [108.1747781, 15.9302867], [108.1751048, 15.9273483]]}}, {"type": "Feature", "properties": {"bridge": "yes", "highway": "motorway", "lanes": "2", "layer": "2", "maxspeed": "120", "minspeed": "80", "name": "C\u1ea7u ORB 00B", "name:en": "ORB 00B Bridge", "oneway": "yes", "ref": "CT.01", "surface": "asphalt", "toll": "yes", "wikidata": "Q24958940", "wikipedia": "vi:\u0110\u01b0\u1eddng cao t\u1ed1c \u0110\u00e0 N\u1eb5ng \u2013 Qu\u1ea3ng Ng\u00e3i", "@id": "way/583346371"}, "geometry": {"type": "LineString", "coordinates": [[108.1687286, 15.959917], [108.168474, 15.9604485]]}}, {"type": "Feature", "properties": {"highway": "motorway", "lanes": "2", "maxspeed": "120", "minspeed": "80", "name": "\u0110\u01b0\u1eddng cao t\u1ed1c \u0110\u00e0 N\u1eb5ng - Qu\u1ea3ng Ng\u00e3i", "name:en": "Da Nang - Quang Ngai Expressway", "oneway": "yes", "ref": "CT.01", "surface": "asphalt", "toll": "yes", "wikidata": "Q24958940", "wikipedia": "vi:\u0110\u01b0\u1eddng cao t\u1ed1c \u0110\u00e0 N\u1eb5ng \u2013 Qu\u1ea3ng Ng\u00e3i", "@id": "way/583346377"}, "geometry": {"type": "LineString", "coordinates": [[108.168474, 15.9604485], [108.1673245, 15.9628207]]}}, {"type": "Feature", "properties": {"highway": "motorway", "lanes": "2", "maxspeed": "120", "minspeed": "80", "name": "\u0110\u01b0\u1eddng cao t\u1ed1c \u0110\u00e0 N\u1eb5ng - Qu\u1ea3ng Ng\u00e3i", "name:en": "Da Nang - Quang Ngai Expressway", "oneway": "yes", "ref": "CT.01", "surface": "asphalt", "toll": "yes", "wikidata": "Q24958940", "wikipedia": "vi:\u0110\u01b0\u1eddng cao t\u1ed1c \u0110\u00e0 N\u1eb5ng \u2013 Qu\u1ea3ng Ng\u00e3i", "@id": "way/583346381"}, "geometry": {"type": "LineString", "coordinates": [[108.1671626, 15.9627827], [108.1683358, 15.9603574]]}}, {"type": "Feature", "properties": {"highway": "primary", "name": "\u0110\u01b0\u1eddng V\u00e0nh \u0111ai ph\u00eda t\u00e2y \u0110\u00e0 N\u1eb5ng", "oneway": "yes", "surface": "asphalt", "@id": "way/583369724"}, "geometry": {"type": "LineString", "coordinates": [[108.1707706, 15.9636619], [108.1733334, 15.9642172], [108.176692, 15.9649652], [108.1779968, 15.9652464], [108.1793459, 15.96555], [108.1801514, 15.9657264], [108.1807002, 15.9658417], [108.1816157, 15.9659819], [108.1818346, 15.9660294], [108.1818962, 15.9660468], [108.182998, 15.9661649], [108.1838714, 15.96624], [108.1845756, 15.9662745], [108.1854687, 15.9662877], [108.1860371, 15.9662644], [108.1865431, 15.9662356], [108.1867787, 15.9662196], [108.1921514, 15.9658823], [108.1922472, 15.9658776], [108.1939283, 15.9657948], [108.1958505, 15.9657328], [108.1959621, 15.9657273], [108.2004421, 15.9655642], [108.2006854, 15.9655304], [108.20188, 15.9654653], [108.2024134, 15.9654876]]}}, {"type": "Feature", "properties": {"highway": "residential", "name": "\u0110\u01b0\u1eddng La B\u00f4ng 1", "@id": "way/586963213"}, "geometry": {"type": "LineString", "coordinates": [[108.179693, 15.9673894], [108.1796998, 15.9680128], [108.1796958, 15.9691473], [108.1796936, 15.9697584], [108.1796936, 15.9705082]]}}, {"type": "Feature", "properties": {"highway": "residential", "name": "\u0110\u01b0\u1eddng La B\u00f4ng 2", "@id": "way/586963214"}, "geometry": {"type": "LineString", "coordinates": [[108.1791505, 15.9705111], [108.1791437, 15.9697599], [108.1791385, 15.9691472], [108.1791288, 15.9680195], [108.1791244, 15.9675005]]}}, {"type": "Feature", "properties": {"highway": "residential", "name": "\u0110\u01b0\u1eddng La B\u00f4ng 3", "@id": "way/586963215"}, "geometry": {"type": "LineString", "coordinates": [[108.1785594, 15.967573], [108.1785617, 15.968024], [108.1785677, 15.969153], [108.1785709, 15.9697614], [108.1785747, 15.9704765]]}}, {"type": "Feature", "properties": {"highway": "residential", "name": "\u0110\u01b0\u1eddng La B\u00f4ng 4", "@id": "way/586963216"}, "geometry": {"type": "LineString", "coordinates": [[108.1785709, 15.9697614], [108.1791437, 15.9697599], [108.1796936, 15.9697584], [108.1800574, 15.9697574]]}}, {"type": "Feature", "properties": {"highway": "residential", "name": "\u0110\u01b0\u1eddng La B\u00f4ng 5", "@id": "way/586963217"}, "geometry": {"type": "LineString", "coordinates": [[108.1816771, 15.9689479], [108.1814928, 15.9690085], [108.1800158, 15.9691492], [108.1796958, 15.9691473], [108.1791385, 15.9691472], [108.1785677, 15.969153]]}}, {"type": "Feature", "properties": {"highway": "residential", "@id": "way/586963218"}, "geometry": {"type": "LineString", "coordinates": [[108.1796998, 15.9680128], [108.1802006, 15.9680196], [108.1812701, 15.9679275], [108.1813892, 15.9678949]]}}, {"type": "Feature", "properties": {"highway": "residential", "@id": "way/656424451"}, "geometry": {"type": "LineString", "coordinates": [[108.1734131, 15.9705185], [108.1733528, 15.9704991]]}}, {"type": "Feature", "properties": {"highway": "residential", "@id": "way/656424452"}, "geometry": {"type": "LineString", "coordinates": [[108.1738225, 15.970742], [108.1737271, 15.9706848], [108.1736518, 15.9706396], [108.1734131, 15.9705185]]}}, {"type": "Feature", "properties": {"highway": "residential", "@id": "way/656424453"}, "geometry": {"type": "LineString", "coordinates": [[108.1749433, 15.9737907], [108.1750392, 15.9738288], [108.1752236, 15.9738952], [108.1753919, 15.9740448]]}}, {"type": "Feature", "properties": {"highway": "residential", "@id": "way/656424458"}, "geometry": {"type": "LineString", "coordinates": [[108.1708154, 15.9716079], [108.1710179, 15.971684], [108.1711495, 15.9717586], [108.1712929, 15.97184], [108.1714136, 15.9719251]]}}, {"type": "Feature", "properties": {"highway": "residential", "@id": "way/656424459"}, "geometry": {"type": "LineString", "coordinates": [[108.1684748, 15.9718615], [108.1685067, 15.9718771], [108.1687394, 15.9720469], [108.1689299, 15.9721636], [108.16907, 15.9722081], [108.1691813, 15.9722481], [108.1692323, 15.9722739]]}}, {"type": "Feature", "properties": {"highway": "residential", "@id": "way/656424460"}, "geometry": {"type": "LineString", "coordinates": [[108.1695286, 15.972339], [108.1695849, 15.9722977], [108.1697016, 15.9722687], [108.1698532, 15.9723358], [108.1699209, 15.9723538], [108.1699651, 15.9723854], [108.169994, 15.9724286], [108.1700201, 15.9724589], [108.170057, 15.9724808], [108.1701677, 15.972504], [108.1702897, 15.9725092], [108.1704801, 15.9726149], [108.1707644, 15.9727374], [108.170975, 15.9727735], [108.1710675, 15.9727993], [108.1711682, 15.9728483], [108.1714135, 15.9729901], [108.1715664, 15.9730597], [108.1717515, 15.9730907], [108.171899, 15.9730674]]}}, {"type": "Feature", "properties": {"highway": "residential", "@id": "way/656424461"}, "geometry": {"type": "LineString", "coordinates": [[108.1711181, 15.9708397], [108.1710313, 15.9711296], [108.1709079, 15.9714352], [108.1708154, 15.9716079], [108.1705686, 15.9719844], [108.1705204, 15.9720647], [108.1703433, 15.9723596], [108.1702897, 15.9725092], [108.1701314, 15.9727438], [108.1699726, 15.9729725], [108.169941, 15.9730094]]}}, {"type": "Feature", "properties": {"highway": "residential", "@id": "way/656424462"}, "geometry": {"type": "LineString", "coordinates": [[108.1725065, 15.9702812], [108.1725106, 15.9702322], [108.1725052, 15.9700594], [108.1724717, 15.9699176], [108.1724435, 15.9698518]]}}, {"type": "Feature", "properties": {"highway": "residential", "@id": "way/656424463"}, "geometry": {"type": "LineString", "coordinates": [[108.1711131, 15.9700517], [108.1711104, 15.9702683], [108.1711131, 15.9703934], [108.1711181, 15.9708397]]}}, {"type": "Feature", "properties": {"highway": "residential", "@id": "way/656424464"}, "geometry": {"type": "LineString", "coordinates": [[108.1701757, 15.9695299], [108.1704815, 15.969505], [108.1706451, 15.9694857], [108.1709026, 15.9695192]]}}, {"type": "Feature", "properties": {"highway": "residential", "@id": "way/656424465"}, "geometry": {"type": "LineString", "coordinates": [[108.1700778, 15.970022], [108.1700805, 15.9699666], [108.1701516, 15.969808], [108.1701864, 15.9695592], [108.1701757, 15.9695299], [108.170169, 15.9695115], [108.1700899, 15.9694044], [108.1700765, 15.9693193], [108.1700966, 15.9689377], [108.1701274, 15.9688655], [108.1701837, 15.9687623], [108.1702293, 15.9686489], [108.1702414, 15.9685122], [108.1702173, 15.968391], [108.1702039, 15.968342], [108.1702173, 15.9682543], [108.1702883, 15.9679797]]}}, {"type": "Feature", "properties": {"highway": "residential", "@id": "way/656424466"}, "geometry": {"type": "LineString", "coordinates": [[108.1681889, 15.9696791], [108.1682318, 15.9695617], [108.1682854, 15.969387], [108.1682982, 15.9691298], [108.1683055, 15.9690924], [108.1683223, 15.9690602], [108.1684343, 15.9689138], [108.1684765, 15.9688648], [108.1685382, 15.9687166]]}}, {"type": "Feature", "properties": {"highway": "residential", "@id": "way/656424467"}, "geometry": {"type": "LineString", "coordinates": [[108.1730537, 15.9704062], [108.1725065, 15.9702812], [108.172296, 15.9701948], [108.1720278, 15.9700904], [108.1718937, 15.970053], [108.1718075, 15.9700457], [108.1717421, 15.9700401], [108.1713559, 15.9700427], [108.1711131, 15.9700517], [108.1708503, 15.9700427], [108.1704842, 15.9700414], [108.1700778, 15.970022], [108.1698297, 15.9700143], [108.1697345, 15.9699859], [108.1695615, 15.9699215], [108.1693791, 15.9698738], [108.169245, 15.969848], [108.1690612, 15.9698338], [108.1687823, 15.9698286], [108.1684564, 15.9697835], [108.1683223, 15.9697384], [108.1681889, 15.9696791], [108.1680085, 15.9695785], [108.1679414, 15.9695115], [108.1678234, 15.969309], [108.1675793, 15.9688758], [108.1672601, 15.9683227], [108.1669182, 15.9677064], [108.1666372, 15.9672667], [108.1666305, 15.967228], [108.1666405, 15.9671784], [108.167114, 15.9664518], [108.1673755, 15.9659657], [108.1676182, 15.9655003], [108.1676437, 15.9654306], [108.1676464, 15.9653558], [108.1673554, 15.9648672], [108.1669906, 15.9642354], [108.167004, 15.9641477], [108.1671113, 15.9639698], [108.167122, 15.9638872], [108.1670469, 15.9637996]]}}, {"type": "Feature", "properties": {"highway": "service", "@id": "way/656424469"}, "geometry": {"type": "LineString", "coordinates": [[108.1780399, 15.9750189], [108.1780828, 15.9749705], [108.178119, 15.974848], [108.1781955, 15.9746353], [108.1782612, 15.9744264], [108.1783498, 15.9741298]]}}, {"type": "Feature", "properties": {"highway": "residential", "@id": "way/656424470"}, "geometry": {"type": "LineString", "coordinates": [[108.1780399, 15.9750189], [108.1780218, 15.9750143], [108.1770475, 15.9746804], [108.1766881, 15.9745914], [108.1766814, 15.9745753], [108.1767257, 15.9743181], [108.1767498, 15.9741505], [108.1767377, 15.9741221], [108.1767162, 15.9740989], [108.176672, 15.9740873], [108.1765728, 15.9740912]]}}, {"type": "Feature", "properties": {"highway": "residential", "@id": "way/656424474"}, "geometry": {"type": "LineString", "coordinates": [[108.1834394, 15.9726187], [108.1838147, 15.9726768], [108.1839395, 15.9727103], [108.1840146, 15.97274], [108.1840789, 15.9727541], [108.1841487, 15.9727477], [108.1842747, 15.9727077]]}}, {"type": "Feature", "properties": {"highway": "residential", "@id": "way/656424477"}, "geometry": {"type": "LineString", "coordinates": [[108.182798, 15.9682633], [108.1827919, 15.9680072], [108.1827557, 15.9677512]]}}, {"type": "Feature", "properties": {"highway": "residential", "@id": "way/656424478"}, "geometry": {"type": "LineString", "coordinates": [[108.1823744, 15.9682492], [108.182798, 15.9682633], [108.183112, 15.9682737]]}}, {"type": "Feature", "properties": {"highway": "residential", "@id": "way/656424479"}, "geometry": {"type": "LineString", "coordinates": [[108.184469, 15.9761909], [108.184322, 15.9758671], [108.1841996, 15.9755597], [108.1840682, 15.9752167], [108.1839555, 15.974906], [108.1838764, 15.9746907], [108.1838362, 15.9745102], [108.1837638, 15.9742137], [108.1836967, 15.9739352], [108.1836605, 15.9737727], [108.183568, 15.9733498], [108.1835143, 15.9731448], [108.1834634, 15.972847], [108.1834394, 15.9726187], [108.1834325, 15.972553], [108.1833467, 15.9722333], [108.183285, 15.9719058], [108.1831965, 15.9715538], [108.1831254, 15.9712405], [108.1830449, 15.9709388], [108.1830074, 15.9707428], [108.183006, 15.9707067], [108.1830342, 15.9706732], [108.1831093, 15.9706203], [108.1831335, 15.9706022], [108.1831388, 15.9705532], [108.1830811, 15.9703289], [108.1830516, 15.9702967], [108.1829229, 15.9702567], [108.1828907, 15.9702296], [108.1828746, 15.9701948], [108.1827499, 15.9697113], [108.1827016, 15.9694947], [108.1826077, 15.9690821], [108.1825273, 15.9687933], [108.1824629, 15.9685896], [108.1823744, 15.9682492], [108.1823408, 15.9678869], [108.1822957, 15.9677144], [108.1822242, 15.9674421], [108.1821598, 15.9671713], [108.1821035, 15.9668902], [108.1820324, 15.9666503], [108.181948, 15.9662465], [108.1818962, 15.9660468], [108.1817668, 15.965527], [108.1815534, 15.9648288], [108.1815281, 15.9645319], [108.1813852, 15.964088], [108.1812277, 15.9633689], [108.1812056, 15.963127], [108.1810203, 15.9624686], [108.1809407, 15.9621234], [108.1808074, 15.9615619], [108.1807584, 15.9613981], [108.1806849, 15.9609731]]}}, {"type": "Feature", "properties": {"highway": "residential", "@id": "way/656424480"}, "geometry": {"type": "LineString", "coordinates": [[108.1826354, 15.97285], [108.1821873, 15.9728695], [108.1817532, 15.9728705]]}}, {"type": "Feature", "properties": {"highway": "residential", "@id": "way/656424490"}, "geometry": {"type": "LineString", "coordinates": [[108.1798947, 15.9760819], [108.1800476, 15.9757209], [108.1802541, 15.9751639], [108.1804499, 15.9747616], [108.1806694, 15.9743654], [108.1806993, 15.9743104], [108.1809595, 15.9740783], [108.1812063, 15.9736941], [108.1812132, 15.9736798], [108.1813163, 15.9734646], [108.1814799, 15.9732196], [108.1816797, 15.9729965], [108.1817414, 15.9729063], [108.1817532, 15.9728705], [108.1817682, 15.9728251], [108.1818333, 15.9727671], [108.1819143, 15.972553], [108.1820087, 15.9721388], [108.1820458, 15.9719934], [108.1820511, 15.9716466], [108.1821048, 15.9714532], [108.1821074, 15.9713064], [108.1822947, 15.9712614]]}}, {"type": "Feature", "properties": {"highway": "residential", "@id": "way/656436341"}, "geometry": {"type": "LineString", "coordinates": [[108.1757103, 15.9680357], [108.1753765, 15.9679571], [108.1749648, 15.9678327], [108.1746845, 15.9677244], [108.1745503, 15.9676355], [108.1745014, 15.9676135], [108.1744873, 15.9675922], [108.1744853, 15.9675696], [108.1745939, 15.9673472]]}}, {"type": "Feature", "properties": {"highway": "residential", "@id": "way/656436342"}, "geometry": {"type": "LineString", "coordinates": [[108.1752026, 15.971742], [108.1754851, 15.9716982], [108.1757801, 15.9717008], [108.176027, 15.9716982]]}}, {"type": "Feature", "properties": {"highway": "residential", "@id": "way/656436343"}, "geometry": {"type": "LineString", "coordinates": [[108.1690612, 15.9698338], [108.1688467, 15.9705584], [108.1686133, 15.9713991], [108.1686002, 15.9715608]]}}, {"type": "Feature", "properties": {"highway": "residential", "@id": "way/656557939"}, "geometry": {"type": "LineString", "coordinates": [[108.1872992, 15.9591634], [108.1874478, 15.9591371], [108.1875336, 15.9591165], [108.1876235, 15.9590791], [108.1876516, 15.9590069]]}}, {"type": "Feature", "properties": {"highway": "residential", "@id": "way/656557940"}, "geometry": {"type": "LineString", "coordinates": [[108.1890281, 15.9598058], [108.188813, 15.9595033]]}}, {"type": "Feature", "properties": {"highway": "residential", "@id": "way/656557941"}, "geometry": {"type": "LineString", "coordinates": [[108.1883906, 15.9594285], [108.1886709, 15.959796], [108.1887545, 15.9599583]]}}, {"type": "Feature", "properties": {"highway": "service", "@id": "way/656557942"}, "geometry": {"type": "LineString", "coordinates": [[108.1853041, 15.9646764], [108.1854549, 15.9646879], [108.1855796, 15.9646944], [108.1856869, 15.9646931], [108.1858237, 15.9646557], [108.1858534, 15.9646228], [108.185876, 15.9645977], [108.1858774, 15.96451], [108.1858291, 15.9642586], [108.1858022, 15.9640175], [108.1857701, 15.9638047], [108.1857285, 15.9636152], [108.185699, 15.9634437], [108.185652, 15.9632206], [108.1856346, 15.9631291], [108.1856172, 15.9630994], [108.185581, 15.9630904], [108.1853892, 15.9631059], [108.1852551, 15.9631458], [108.1850941, 15.9632052], [108.1849976, 15.9632116], [108.1849265, 15.9631807], [108.184846, 15.9631497], [108.1847414, 15.9631433], [108.184665, 15.9631755], [108.1845993, 15.9632297], [108.1845778, 15.9633031], [108.1845684, 15.9634721], [108.1846088, 15.9638921]]}}, {"type": "Feature", "properties": {"highway": "service", "@id": "way/656557943"}, "geometry": {"type": "LineString", "coordinates": [[108.1858534, 15.9646228], [108.18588, 15.9647124], [108.1858988, 15.964724], [108.1859685, 15.9647073], [108.18599, 15.9647189], [108.1860222, 15.9648749], [108.1860235, 15.9649046], [108.1859994, 15.9649175], [108.1858331, 15.964942], [108.185707, 15.9649626], [108.1854884, 15.9649884], [108.185369, 15.9650069]]}}, {"type": "Feature", "properties": {"highway": "service", "@id": "way/656557944"}, "geometry": {"type": "LineString", "coordinates": [[108.185369, 15.9650069], [108.185007, 15.9650361], [108.1849614, 15.9650374], [108.1849305, 15.965018], [108.1849185, 15.9649536], [108.1848809, 15.9646364], [108.1847748, 15.9638619]]}}, {"type": "Feature", "properties": {"highway": "service", "@id": "way/656557945"}, "geometry": {"type": "LineString", "coordinates": [[108.1844777, 15.9639071], [108.1846088, 15.9638921], [108.1846985, 15.9638756], [108.1847748, 15.9638619], [108.1849131, 15.963837], [108.1850418, 15.963815], [108.1851035, 15.9638486], [108.185133, 15.9639027], [108.1851719, 15.9640935], [108.1852578, 15.9644378], [108.1853041, 15.9646764], [108.185353, 15.9649278], [108.185369, 15.9650069], [108.1854342, 15.9653291], [108.1854469, 15.9653919], [108.1854656, 15.9654048], [108.1855997, 15.9653907]]}}, {"type": "Feature", "properties": {"highway": "residential", "@id": "way/656557946"}, "geometry": {"type": "LineString", "coordinates": [[108.1845961, 15.965525], [108.1847039, 15.9655041], [108.1849225, 15.9655344], [108.1852336, 15.9656021], [108.1854516, 15.9656337], [108.1856058, 15.9656608], [108.1856903, 15.9656608], [108.1858854, 15.9656382], [108.1860819, 15.9656079], [108.1861985, 15.9655808], [108.1864466, 15.965533]]}}, {"type": "Feature", "properties": {"highway": "residential", "@id": "way/656557947"}, "geometry": {"type": "LineString", "coordinates": [[108.1887545, 15.9599583], [108.1888412, 15.9600809], [108.1889512, 15.9602189], [108.1890464, 15.9602937], [108.1891523, 15.9604007], [108.1892717, 15.9605335], [108.1893535, 15.9606302], [108.1894313, 15.9607837], [108.1894993, 15.9609402]]}}, {"type": "Feature", "properties": {"highway": "service", "@id": "way/656557948"}, "geometry": {"type": "LineString", "coordinates": [[108.1932272, 15.9635415], [108.192827, 15.963601], [108.1927492, 15.9635958], [108.1925225, 15.9636126], [108.1924085, 15.963561]]}}, {"type": "Feature", "properties": {"highway": "residential", "@id": "way/656557949"}, "geometry": {"type": "LineString", "coordinates": [[108.1942988, 15.9660167], [108.1943362, 15.9661138], [108.1943621, 15.966138], [108.1945717, 15.9662623], [108.1947058, 15.9664222], [108.194789, 15.9665717], [108.1948614, 15.9667187], [108.1949472, 15.9670127], [108.1950792, 15.9674877], [108.1950914, 15.9675317], [108.195101, 15.9675833], [108.195194, 15.9678353], [108.1953254, 15.9682531], [108.1954119, 15.9685959], [108.1954971, 15.9689338], [108.1955753, 15.9691861]]}}, {"type": "Feature", "properties": {"highway": "unclassified", "lanes": "2", "lit": "no", "sidewalk": "no", "smoothness": "good", "surface": "asphalt", "@id": "way/656563439"}, "geometry": {"type": "LineString", "coordinates": [[108.1984501, 15.9581475], [108.198486, 15.9581652], [108.1986593, 15.958318], [108.19877, 15.9584805], [108.1989108, 15.9587364], [108.1989685, 15.9589234], [108.1989987, 15.9590107], [108.1990886, 15.9591848], [108.1991503, 15.959297], [108.1991798, 15.9593808], [108.1992884, 15.9598308], [108.1994265, 15.9603698], [108.199507, 15.9607914], [108.1995942, 15.9611447], [108.199653, 15.9613969], [108.1997833, 15.9619338], [108.1998906, 15.9623348], [108.1999817, 15.9627152], [108.2000944, 15.9631226], [108.2002084, 15.9635765], [108.2003143, 15.9640613], [108.2006854, 15.9655304], [108.200741, 15.9657291], [108.2009688, 15.96668], [108.201119, 15.9672577], [108.2013577, 15.9682479], [108.2015222, 15.9689098], [108.201575, 15.9691221], [108.2017064, 15.9694186], [108.2018593, 15.9696481], [108.2021275, 15.9698905], [108.2023689, 15.9700633], [108.2028785, 15.970258], [108.2030073, 15.9703109], [108.2031776, 15.9704179], [108.2033131, 15.9705275], [108.2034391, 15.9707479], [108.2037409, 15.9713655], [108.2043056, 15.9724946], [108.2044932, 15.9728702], [108.2047883, 15.9734775], [108.2049017, 15.973935], [108.2050042, 15.9743903], [108.2051128, 15.9746237], [108.2055473, 15.9753341], [108.2056912, 15.9755291], [108.2057632, 15.9756267], [108.2061495, 15.9760806], [108.2063265, 15.9763075], [108.2064901, 15.9764235], [108.206698, 15.9765512], [108.2072398, 15.9768335], [108.2076435, 15.9770024], [108.208129, 15.9771288], [108.2082564, 15.9771467], [108.2083535, 15.9771377]]}}, {"type": "Feature", "properties": {"highway": "residential", "@id": "way/656621166"}, "geometry": {"type": "LineString", "coordinates": [[108.1773023, 15.9599717], [108.1763864, 15.9602293], [108.1765358, 15.9607327]]}}, {"type": "Feature", "properties": {"highway": "residential", "@id": "way/656621167"}, "geometry": {"type": "LineString", "coordinates": [[108.1774041, 15.9605075], [108.1765358, 15.9607327]]}}, {"type": "Feature", "properties": {"highway": "residential", "@id": "way/656621168"}, "geometry": {"type": "LineString", "coordinates": [[108.177533, 15.9611858], [108.1774041, 15.9605075], [108.1773023, 15.9599717], [108.1772035, 15.9594513], [108.1771025, 15.9589196], [108.1770104, 15.9584346]]}}, {"type": "Feature", "properties": {"highway": "residential", "@id": "way/656621169"}, "geometry": {"type": "LineString", "coordinates": [[108.167122, 15.9638872], [108.1672387, 15.9639092], [108.1673755, 15.9640162], [108.1676531, 15.9644726], [108.1681493, 15.9652695], [108.1685328, 15.965878], [108.1685945, 15.9659554], [108.1687394, 15.9660173], [108.1690747, 15.966114], [108.16954, 15.9662068], [108.169654, 15.9662842], [108.1698934, 15.9663184], [108.1700617, 15.9662784], [108.1701884, 15.9661984], [108.1702521, 15.9661449], [108.1702623, 15.9661108]]}}, {"type": "Feature", "properties": {"highway": "residential", "@id": "way/656621173"}, "geometry": {"type": "LineString", "coordinates": [[108.1787513, 15.9639313], [108.1788151, 15.9641051], [108.1788728, 15.9641632], [108.1790015, 15.9642109], [108.1791021, 15.9643953], [108.179208, 15.9646854], [108.179373, 15.9650051], [108.179436, 15.9651057], [108.1794763, 15.9651276], [108.1795232, 15.9651083], [108.1797391, 15.9649677], [108.1800323, 15.9647598]]}}, {"type": "Feature", "properties": {"highway": "residential", "@id": "way/656621174"}, "geometry": {"type": "LineString", "coordinates": [[108.1817668, 15.965527], [108.1819496, 15.965538], [108.1821886, 15.9655344]]}}, {"type": "Feature", "properties": {"highway": "residential", "@id": "way/656621175"}, "geometry": {"type": "LineString", "coordinates": [[108.1815534, 15.9648288], [108.1817816, 15.9648259], [108.1820458, 15.9648298], [108.1822269, 15.9648298], [108.1822456, 15.9648266], [108.1822597, 15.9648149], [108.1823194, 15.964793], [108.1823261, 15.9644655]]}}, {"type": "Feature", "properties": {"highway": "residential", "@id": "way/656621176"}, "geometry": {"type": "LineString", "coordinates": [[108.1812056, 15.963127], [108.1814329, 15.9631304], [108.1816462, 15.9630814], [108.1818889, 15.9630465], [108.1819183, 15.9630481], [108.1827365, 15.9630891], [108.1827998, 15.9630709]]}}, {"type": "Feature", "properties": {"highway": "residential", "@id": "way/656621177"}, "geometry": {"type": "LineString", "coordinates": [[108.1808074, 15.9615619], [108.1811956, 15.9615489], [108.1815758, 15.9615366], [108.1816167, 15.9615205], [108.1816234, 15.9614599], [108.1816066, 15.9612846], [108.1816145, 15.9611598]]}}, {"type": "Feature", "properties": {"highway": "residential", "@id": "way/656704615"}, "geometry": {"type": "LineString", "coordinates": [[108.1958843, 15.9588856], [108.1957988, 15.9587889], [108.195658, 15.9586961], [108.19554, 15.9585633], [108.1954676, 15.9585233], [108.195359, 15.9584872], [108.1952758, 15.9584679], [108.1949459, 15.9584124], [108.194793, 15.9584111], [108.1946804, 15.9583557], [108.1946683, 15.9583248], [108.194683, 15.9582654], [108.1947474, 15.9581584], [108.1947769, 15.9581004], [108.1947675, 15.9580321], [108.1946844, 15.9579779]]}}, {"type": "Feature", "properties": {"highway": "residential", "@id": "way/656704616"}, "geometry": {"type": "LineString", "coordinates": [[108.193578, 15.9649213], [108.1925702, 15.9645171]]}}, {"type": "Feature", "properties": {"highway": "residential", "@id": "way/656704617"}, "geometry": {"type": "LineString", "coordinates": [[108.1952805, 15.9563417], [108.1952269, 15.9563365], [108.1951823, 15.9563445], [108.195136, 15.9563648], [108.1951001, 15.9563932], [108.1950686, 15.9564318], [108.1949781, 15.956662], [108.1949647, 15.9567117], [108.1949566, 15.9567594], [108.1949217, 15.9571397]]}}, {"type": "Feature", "properties": {"highway": "residential", "@id": "way/656704618"}, "geometry": {"type": "LineString", "coordinates": [[108.1938583, 15.9656588], [108.1936475, 15.9656217], [108.1935036, 15.9656157], [108.1933433, 15.9655944], [108.1926436, 15.9656198], [108.1923482, 15.9656305], [108.1922355, 15.9656227], [108.1921689, 15.965598], [108.1919745, 15.9648275], [108.1918562, 15.9643666], [108.1918534, 15.9643549], [108.1915669, 15.9631317], [108.1914936, 15.9628531], [108.1914329, 15.9625792], [108.1913677, 15.962234], [108.191261, 15.9617542], [108.1911868, 15.9614941], [108.19107, 15.9609549], [108.1910356, 15.9608294], [108.1909662, 15.9605116], [108.1909092, 15.9602395], [108.1908453, 15.9599144], [108.1907771, 15.9596171], [108.1907541, 15.9595434], [108.1907181, 15.9594192], [108.190647, 15.9591509], [108.1905759, 15.9589156], [108.1904532, 15.9584482], [108.1904286, 15.9583793], [108.1903831, 15.9582519], [108.1903711, 15.9581494]]}}, {"type": "Feature", "properties": {"highway": "residential", "@id": "way/656704620"}, "geometry": {"type": "LineString", "coordinates": [[108.1861613, 15.9528733], [108.186104, 15.9528859], [108.1860664, 15.952873], [108.1858157, 15.9526938]]}}, {"type": "Feature", "properties": {"highway": "residential", "@id": "way/656704621"}, "geometry": {"type": "LineString", "coordinates": [[108.1913746, 15.9521724], [108.1914362, 15.9521948], [108.1915489, 15.9522515], [108.1916495, 15.9523005], [108.191801, 15.9523456], [108.1918721, 15.9523546], [108.1919324, 15.9523766], [108.1919673, 15.9523998], [108.1920196, 15.9524681]]}}, {"type": "Feature", "properties": {"highway": "service", "@id": "way/656704622"}, "geometry": {"type": "LineString", "coordinates": [[108.1989108, 15.9587364], [108.1990162, 15.9587606], [108.19922, 15.958709], [108.1992645, 15.9586764], [108.1993045, 15.9586471], [108.1993072, 15.9585478], [108.1992938, 15.9584472], [108.1992777, 15.9583493], [108.1992804, 15.9583041], [108.1992924, 15.9582525], [108.1993286, 15.9582048], [108.199385, 15.9581713], [108.1995392, 15.9581649], [108.1996787, 15.9581842], [108.1997725, 15.9582087], [108.1999643, 15.9582319], [108.2000649, 15.9582319], [108.2001843, 15.9581997], [108.2005182, 15.9581056], [108.2008749, 15.9579998], [108.201115, 15.9579031], [108.2016581, 15.9576994], [108.2019813, 15.9575369], [108.2023729, 15.9573577]]}}, {"type": "Feature", "properties": {"highway": "residential", "@id": "way/656704623"}, "geometry": {"type": "LineString", "coordinates": [[108.199653, 15.9613969], [108.1994614, 15.9614142], [108.1988069, 15.96144], [108.1983148, 15.961449], [108.1977528, 15.9614709], [108.1972942, 15.9614928], [108.1967859, 15.961507], [108.1965204, 15.9615199]]}}, {"type": "Feature", "properties": {"highway": "residential", "@id": "way/656704624"}, "geometry": {"type": "LineString", "coordinates": [[108.1955728, 15.9615763], [108.1955494, 15.9615238], [108.195536, 15.9614748], [108.1955387, 15.9613536], [108.1955279, 15.9611563], [108.1955154, 15.9610846], [108.1955092, 15.9610493], [108.1954756, 15.9609165], [108.1954421, 15.9608623], [108.1953549, 15.9607772], [108.1949861, 15.9605425], [108.1948426, 15.9604084], [108.1945623, 15.9602434], [108.1944376, 15.9602137], [108.1943825, 15.9602077], [108.1943545, 15.9602047], [108.1941844, 15.9600507]]}}, {"type": "Feature", "properties": {"highway": "residential", "@id": "way/656704625"}, "geometry": {"type": "LineString", "coordinates": [[108.184909, 15.9619989], [108.1849118, 15.9619325], [108.1849171, 15.9618732], [108.1849386, 15.9618113], [108.1850687, 15.9616037], [108.1851116, 15.9615354], [108.1851304, 15.9614658], [108.1851263, 15.9613871], [108.185066, 15.9612775], [108.1850231, 15.9611744], [108.1849761, 15.961039], [108.1849372, 15.9608701], [108.184897, 15.9606973], [108.1847589, 15.9605683], [108.1847522, 15.9605425], [108.1847535, 15.9604987], [108.1847548, 15.9604175]]}}, {"type": "Feature", "properties": {"highway": "service", "@id": "way/656704626"}, "geometry": {"type": "LineString", "coordinates": [[108.1854342, 15.9653291], [108.186226, 15.9651599]]}}, {"type": "Feature", "properties": {"highway": "residential", "@id": "way/656747171"}, "geometry": {"type": "LineString", "coordinates": [[108.1891631, 15.9745071], [108.1890276, 15.9745411], [108.1888251, 15.9746133], [108.1887835, 15.9746727], [108.1886749, 15.9748712], [108.1885073, 15.9751678], [108.1883651, 15.9753985], [108.1882189, 15.9756538], [108.1881224, 15.9758124], [108.1880848, 15.975864], [108.1879735, 15.9758575], [108.1877227, 15.9758537], [108.1877106, 15.9758911], [108.1877022, 15.9761104], [108.1876986, 15.9762056], [108.1876957, 15.9767393]]}}, {"type": "Feature", "properties": {"highway": "residential", "@id": "way/656747173"}, "geometry": {"type": "LineString", "coordinates": [[108.1913249, 15.9725266], [108.1913377, 15.9726078], [108.1913316, 15.9726329], [108.1912351, 15.9727193], [108.1906691, 15.9732944], [108.1905055, 15.9736012], [108.190478, 15.9737077], [108.1904089, 15.9739751], [108.1903446, 15.9743361], [108.190071, 15.97479], [108.1898758, 15.9750664]]}}, {"type": "Feature", "properties": {"highway": "residential", "@id": "way/656747175"}, "geometry": {"type": "LineString", "coordinates": [[108.1853304, 15.9708054], [108.1859176, 15.9710638], [108.1862247, 15.9711889], [108.1864271, 15.9712759], [108.1863516, 15.9719551]]}}, {"type": "Feature", "properties": {"highway": "residential", "source": "digitalglobe", "@id": "way/656747177"}, "geometry": {"type": "LineString", "coordinates": [[108.1847385, 15.9714002], [108.1851521, 15.9715875], [108.185292, 15.9716337], [108.1854429, 15.9716704], [108.1856499, 15.9716958], [108.1858319, 15.971734], [108.1859982, 15.9717767], [108.1861773, 15.9718592], [108.1863516, 15.9719551], [108.1868246, 15.9723061], [108.1876186, 15.9728914], [108.1877884, 15.973003], [108.1881572, 15.9732634], [108.1884201, 15.9734207], [108.188687, 15.9735729], [108.1887058, 15.9736278]]}}, {"type": "Feature", "properties": {"highway": "residential", "@id": "way/656747180"}, "geometry": {"type": "LineString", "coordinates": [[108.1881845, 15.9683976], [108.1882511, 15.968449], [108.1883812, 15.9686824], [108.1884857, 15.9688769], [108.1885059, 15.9689145], [108.1885971, 15.9690254], [108.1887621, 15.9691556], [108.1889485, 15.9693387], [108.1891242, 15.9695733], [108.1891751, 15.9695966], [108.1893092, 15.969594], [108.1893964, 15.9696133], [108.1895171, 15.9697113], [108.1897384, 15.9700414], [108.1899647, 15.9703751]]}}, {"type": "Feature", "properties": {"highway": "residential", "@id": "way/656747182"}, "geometry": {"type": "LineString", "coordinates": [[108.195101, 15.9675833], [108.1947005, 15.9677392]]}}, {"type": "Feature", "properties": {"highway": "residential", "@id": "way/656747187"}, "geometry": {"type": "LineString", "coordinates": [[108.1960979, 15.9664699], [108.1961811, 15.9665047], [108.1962414, 15.9665563], [108.1962588, 15.9666375], [108.1962602, 15.9670127], [108.196291, 15.967188], [108.1963474, 15.9672912], [108.1963848, 15.9673402], [108.1964359, 15.9674072], [108.1964707, 15.9675439], [108.1964493, 15.9676754], [108.1965123, 15.967843], [108.1965337, 15.9678735], [108.1966008, 15.9679694], [108.1967859, 15.9682118], [108.1969817, 15.9683987], [108.1969857, 15.9684336], [108.1969535, 15.9686579], [108.1969211, 15.9687453], [108.1968985, 15.9688062], [108.1968315, 15.968939], [108.1964518, 15.9693032]]}}, {"type": "Feature", "properties": {"highway": "residential", "@id": "way/658201953"}, "geometry": {"type": "LineString", "coordinates": [[108.1877227, 15.9758537], [108.1876825, 15.9756835], [108.1876449, 15.975503], [108.1875993, 15.975267], [108.1875524, 15.9751162], [108.1874827, 15.9749589], [108.1873807, 15.9747565], [108.1873298, 15.9745695], [108.187315, 15.9744133]]}}, {"type": "Feature", "properties": {"highway": "residential", "@id": "way/658201955"}, "geometry": {"type": "LineString", "coordinates": [[108.1857204, 15.9750258], [108.1856802, 15.9748854], [108.1856033, 15.974721], [108.1855354, 15.974576], [108.1854522, 15.9743555], [108.1853235, 15.973961], [108.1853141, 15.9738887], [108.185318, 15.9738427], [108.1853208, 15.9738088], [108.1853436, 15.9736941], [108.1853865, 15.9735187], [108.1853986, 15.973382], [108.1854093, 15.9731667], [108.18542, 15.9730662], [108.1854442, 15.9729875], [108.1854911, 15.9729424], [108.1855743, 15.9729708], [108.1856413, 15.9729875], [108.185872, 15.9729875]]}}, {"type": "Feature", "properties": {"highway": "service", "@id": "way/658201957"}, "geometry": {"type": "LineString", "coordinates": [[108.1878198, 15.9716134], [108.1883208, 15.9722461]]}}, {"type": "Feature", "properties": {"highway": "service", "@id": "way/658201959"}, "geometry": {"type": "LineString", "coordinates": [[108.1876186, 15.9728914], [108.1879963, 15.9725324], [108.1883208, 15.9722461], [108.1885703, 15.9720334], [108.18875, 15.971898], [108.1887943, 15.9718658], [108.1887875, 15.9718452], [108.1884173, 15.9712447]]}}, {"type": "Feature", "properties": {"highway": "residential", "@id": "way/658201961"}, "geometry": {"type": "LineString", "coordinates": [[108.1864271, 15.9712759], [108.1865251, 15.9710226], [108.1865801, 15.970913], [108.1867129, 15.9707441], [108.1868349, 15.970579], [108.1868979, 15.9705545], [108.1869797, 15.9705623], [108.1871031, 15.9705558], [108.1871648, 15.9705558], [108.1872077, 15.9705223], [108.1873687, 15.970405], [108.1874894, 15.9703109], [108.1875913, 15.9702064], [108.1879179, 15.9698535]]}}, {"type": "Feature", "properties": {"highway": "residential", "@id": "way/658201964"}, "geometry": {"type": "LineString", "coordinates": [[108.1950792, 15.9674877], [108.1953844, 15.967433], [108.1957962, 15.9673892], [108.1961744, 15.9673466], [108.1963474, 15.9672912]]}}, {"type": "Feature", "properties": {"highway": "residential", "@id": "way/658201966"}, "geometry": {"type": "LineString", "coordinates": [[108.1960979, 15.9664699], [108.1959524, 15.966465], [108.1957157, 15.966457], [108.1950371, 15.9663242], [108.1949875, 15.9663422], [108.1948842, 15.9662971], [108.1946857, 15.9662674], [108.1945717, 15.9662623]]}}, {"type": "Feature", "properties": {"highway": "residential", "@id": "way/658201969"}, "geometry": {"type": "LineString", "coordinates": [[108.1920518, 15.967491], [108.1921631, 15.967531], [108.1922275, 15.9675981], [108.1924018, 15.9678817], [108.1925225, 15.9680442], [108.1927143, 15.9682376], [108.1928243, 15.9683601], [108.1928685, 15.9684671], [108.1928819, 15.968596], [108.1928444, 15.9687843], [108.1928149, 15.9689583], [108.192772, 15.9692549], [108.1927481, 15.9694337]]}}, {"type": "Feature", "properties": {"highway": "residential", "@id": "way/658201972"}, "geometry": {"type": "LineString", "coordinates": [[108.1963848, 15.9673402], [108.1965847, 15.9672667], [108.1968328, 15.9671623], [108.1970407, 15.9670655], [108.1970823, 15.967023], [108.1971239, 15.9669495], [108.1972057, 15.9668322], [108.1973961, 15.9667032], [108.197549, 15.9666671], [108.197585, 15.9666517], [108.1976576, 15.9666207], [108.1977917, 15.9665833], [108.1978722, 15.9665846], [108.1979272, 15.9665562], [108.1980331, 15.9665124], [108.1981069, 15.9665137], [108.1982061, 15.9665408], [108.1983496, 15.9665318], [108.1985293, 15.9665369], [108.198709, 15.9665485], [108.1990752, 15.9665511], [108.1996988, 15.9665421], [108.1998007, 15.9665459], [108.1998557, 15.966555], [108.1998745, 15.9665898], [108.199861, 15.9666774], [108.1997873, 15.9669469], [108.1995298, 15.9681061], [108.1993461, 15.9688694], [108.1993105, 15.9690335]]}}, {"type": "Feature", "properties": {"highway": "residential", "@id": "way/658201974"}, "geometry": {"type": "LineString", "coordinates": [[108.1969817, 15.9683987], [108.1971601, 15.9684323], [108.1973357, 15.9684632], [108.1974591, 15.9684954], [108.1975798, 15.9685509], [108.1976885, 15.9686089], [108.1978802, 15.9686811], [108.1980492, 15.9687262], [108.1981766, 15.9687585], [108.1983671, 15.9688075], [108.1985132, 15.9688436], [108.1987493, 15.9688913], [108.1988901, 15.9689313], [108.1992683, 15.9690241], [108.1993105, 15.9690335], [108.1993608, 15.9690447], [108.1995204, 15.9690524], [108.1996277, 15.9690176], [108.1996988, 15.9689918], [108.1997618, 15.9689764], [108.1998289, 15.9689867], [108.1999657, 15.9690125], [108.2001735, 15.9690434], [108.2003278, 15.9690589], [108.2004766, 15.9690589], [108.2006536, 15.969046], [108.2007958, 15.9690318], [108.2010855, 15.9690073], [108.2015222, 15.9689098]]}}, {"type": "Feature", "properties": {"highway": "residential", "@id": "way/658201977"}, "geometry": {"type": "LineString", "coordinates": [[108.1937082, 15.951243], [108.1936356, 15.9512431], [108.1934144, 15.9512522]]}}, {"type": "Feature", "properties": {"highway": "residential", "@id": "way/658339747"}, "geometry": {"type": "LineString", "coordinates": [[108.1815281, 15.9645319], [108.1814472, 15.9645354], [108.1811352, 15.9645655], [108.1809542, 15.9646209], [108.1808717, 15.9646183]]}}, {"type": "Feature", "properties": {"highway": "residential", "@id": "way/658378154"}, "geometry": {"type": "LineString", "coordinates": [[108.1669182, 15.9677064], [108.1669986, 15.9676516], [108.1671482, 15.9676039], [108.1674077, 15.9675645], [108.1675887, 15.9675645], [108.1678154, 15.9675491], [108.1684189, 15.9675284], [108.1685865, 15.967482], [108.1688232, 15.9674266], [108.169017, 15.9673466], [108.1691095, 15.9673118], [108.1692879, 15.9672557]]}}, {"type": "Feature", "properties": {"highway": "residential", "@id": "way/658379540"}, "geometry": {"type": "LineString", "coordinates": [[108.1684998, 15.9716187], [108.1685124, 15.9717043], [108.1684973, 15.9717929], [108.1684748, 15.9718615], [108.1683667, 15.9722033], [108.1681671, 15.9728629], [108.1680387, 15.9733257], [108.1679723, 15.973548], [108.1677334, 15.9743758], [108.1676743, 15.9745403]]}}, {"type": "Feature", "properties": {"highway": "residential", "@id": "way/658379736"}, "geometry": {"type": "LineString", "coordinates": [[108.1733186, 15.9757724], [108.17346, 15.9753244], [108.173475, 15.9752262], [108.1735473, 15.9748315]]}}, {"type": "Feature", "properties": {"highway": "residential", "@id": "way/658380548"}, "geometry": {"type": "LineString", "coordinates": [[108.1825273, 15.9687933], [108.1827927, 15.9687663], [108.1832802, 15.9687341]]}}, {"type": "Feature", "properties": {"highway": "residential", "@id": "way/673463745"}, "geometry": {"type": "LineString", "coordinates": [[108.1948614, 15.9667187], [108.1948936, 15.9666156], [108.1949875, 15.9663422]]}}, {"type": "Feature", "properties": {"bridge": "yes", "construction": "trunk", "highway": "primary", "layer": "1", "name": "\u0110\u01b0\u1eddng V\u00e0nh \u0111ai ph\u00eda t\u00e2y \u0110\u00e0 N\u1eb5ng", "oneway": "yes", "surface": "asphalt", "@id": "way/673502957"}, "geometry": {"type": "LineString", "coordinates": [[108.1703814, 15.9635774], [108.1707706, 15.9636619]]}}, {"type": "Feature", "properties": {"bridge": "yes", "construction": "trunk", "highway": "primary", "layer": "1", "name": "\u0110\u01b0\u1eddng V\u00e0nh \u0111ai ph\u00eda t\u00e2y \u0110\u00e0 N\u1eb5ng", "oneway": "yes", "surface": "asphalt", "@id": "way/673502959"}, "geometry": {"type": "LineString", "coordinates": [[108.1707301, 15.9638624], [108.1703321, 15.9637781]]}}, {"type": "Feature", "properties": {"highway": "primary", "name": "\u0110\u01b0\u1eddng V\u00e0nh \u0111ai ph\u00eda t\u00e2y \u0110\u00e0 N\u1eb5ng", "oneway": "yes", "surface": "asphalt", "@id": "way/767524538"}, "geometry": {"type": "LineString", "coordinates": [[108.161363, 15.9619908], [108.161661, 15.9619957], [108.1622711, 15.9620421], [108.1643124, 15.962282], [108.1647135, 15.9623723], [108.1666043, 15.9627417], [108.1702376, 15.9635473], [108.1703814, 15.9635774]]}}, {"type": "Feature", "properties": {"access": "agricultural", "highway": "track", "lit": "no", "smoothness": "bad", "source": "Bing", "surface": "ground", "tracktype": "grade3", "@id": "way/767530307"}, "geometry": {"type": "LineString", "coordinates": [[108.1723788, 15.9628997], [108.1730614, 15.9612789], [108.1733076, 15.9599837]]}}, {"type": "Feature", "properties": {"access": "agricultural", "highway": "track", "lit": "no", "smoothness": "bad", "source": "Bing", "surface": "ground", "tracktype": "grade3", "@id": "way/767530308"}, "geometry": {"type": "LineString", "coordinates": [[108.1732087, 15.9643984], [108.1724613, 15.9656229], [108.1718055, 15.9666802]]}}, {"type": "Feature", "properties": {"highway": "primary_link", "@id": "way/767530309"}, "geometry": {"type": "LineString", "coordinates": [[108.1732087, 15.9643984], [108.1733334, 15.9642172]]}}, {"type": "Feature", "properties": {"highway": "primary_link", "@id": "way/767530310"}, "geometry": {"type": "LineString", "coordinates": [[108.1867945, 15.9664407], [108.1867787, 15.9662196]]}}, {"type": "Feature", "properties": {"highway": "primary_link", "@id": "way/767530311"}, "geometry": {"type": "LineString", "coordinates": [[108.195973, 15.9659489], [108.1959621, 15.9657273]]}}, {"type": "Feature", "properties": {"highway": "primary", "name": "\u0110\u01b0\u1eddng V\u00e0nh \u0111ai ph\u00eda t\u00e2y \u0110\u00e0 N\u1eb5ng", "oneway": "yes", "surface": "asphalt", "@id": "way/767530313"}, "geometry": {"type": "LineString", "coordinates": [[108.2024378, 15.9656091], [108.2018875, 15.9656703], [108.200741, 15.9657291], [108.1976427, 15.9658864], [108.1960863, 15.9659519], [108.195973, 15.9659489], [108.1951778, 15.965971], [108.1942988, 15.9660167], [108.1936118, 15.9660542], [108.1922056, 15.9660919], [108.1893398, 15.9662666], [108.1884055, 15.9663235], [108.1867945, 15.9664407], [108.1865662, 15.9664456], [108.1860881, 15.9664743], [108.1855929, 15.9664922], [108.1849525, 15.9664852], [108.1841667, 15.9664614], [108.1838402, 15.9664373], [108.1829664, 15.9663815], [108.181948, 15.9662465], [108.1818937, 15.9662491], [108.1816724, 15.9662043], [108.1811205, 15.9661168], [108.180797, 15.9660666], [108.1798203, 15.965862], [108.1790354, 15.9656743], [108.1770257, 15.9652331], [108.1766209, 15.9651495], [108.1732087, 15.9643984], [108.1707301, 15.9638624]]}}, {"type": "Feature", "properties": {"highway": "residential", "source": "digitalglobe", "@id": "way/828071309"}, "geometry": {"type": "LineString", "coordinates": [[108.169941, 15.9730094], [108.1693724, 15.97359], [108.1689566, 15.9741393], [108.1686495, 15.9746254], [108.168607, 15.9746863], [108.1685629, 15.9747364], [108.1684393, 15.9748512], [108.1684148, 15.9748612], [108.1683863, 15.9748619], [108.1683585, 15.9748519], [108.168265, 15.9747845], [108.1682288, 15.9747652], [108.167991, 15.9746662], [108.1678543, 15.9746144], [108.1676743, 15.9745403], [108.1670522, 15.9744803], [108.165298, 15.9742121], [108.1651855, 15.9741655]]}}, {"type": "Feature", "properties": {"highway": "residential", "source": "digitalglobe", "@id": "way/828071310"}, "geometry": {"type": "LineString", "coordinates": [[108.1681671, 15.9728629], [108.168451, 15.9730275], [108.1686629, 15.9731719], [108.1687276, 15.9732125], [108.1687877, 15.9732457], [108.1691627, 15.9734346], [108.1692081, 15.973461], [108.1692453, 15.9734875], [108.1693724, 15.97359]]}}, {"type": "Feature", "properties": {"highway": "residential", "source": "digitalglobe", "@id": "way/828071311"}, "geometry": {"type": "LineString", "coordinates": [[108.1699726, 15.9729725], [108.1702226, 15.97307], [108.1702428, 15.9730853], [108.1702565, 15.9731065], [108.1702599, 15.9731319], [108.1702575, 15.9731587], [108.1701507, 15.9734591], [108.1700823, 15.9736122], [108.1700709, 15.9736318], [108.170004, 15.9737366], [108.1699274, 15.9738385], [108.1696929, 15.9740857]]}}, {"type": "Feature", "properties": {"highway": "residential", "source": "digitalglobe", "@id": "way/828071312"}, "geometry": {"type": "LineString", "coordinates": [[108.1719607, 15.9735447], [108.1718078, 15.9735239], [108.1710823, 15.9732749], [108.1710612, 15.9732605], [108.1710515, 15.9732387], [108.171053, 15.9732127], [108.1711682, 15.9728483]]}}, {"type": "Feature", "properties": {"highway": "residential", "source": "digitalglobe", "@id": "way/828307065"}, "geometry": {"type": "LineString", "coordinates": [[108.1692323, 15.9722739], [108.1694334, 15.9723472], [108.169464, 15.9723498], [108.1694968, 15.9723467], [108.1695286, 15.972339]]}}, {"type": "Feature", "properties": {"highway": "track", "source": "digitalglobe", "surface": "unpaved", "@id": "way/828307066"}, "geometry": {"type": "LineString", "coordinates": [[108.1695818, 15.9713209], [108.1690304, 15.9713778], [108.168964, 15.9713926], [108.168899, 15.971419], [108.1688399, 15.9714506], [108.1686284, 15.9715932], [108.1685926, 15.9716076], [108.1685559, 15.9716126], [108.1685169, 15.9716098]]}}, {"type": "Feature", "properties": {"highway": "residential", "source": "digitalglobe", "@id": "way/828307068"}, "geometry": {"type": "LineString", "coordinates": [[108.1714136, 15.9719251], [108.171504, 15.9719648], [108.1715345, 15.9719698], [108.1716968, 15.9719967], [108.1718316, 15.9720299], [108.171865, 15.9720306], [108.1718975, 15.9720267], [108.1719153, 15.9720114], [108.1719283, 15.9719943], [108.1719363, 15.97194], [108.171961, 15.9718233], [108.1719837, 15.9717595], [108.1720331, 15.9716829], [108.1720892, 15.9716067], [108.1722175, 15.9713765], [108.1723254, 15.971071], [108.1723736, 15.9707772]]}}, {"type": "Feature", "properties": {"highway": "residential", "source": "digitalglobe", "@id": "way/828307069"}, "geometry": {"type": "LineString", "coordinates": [[108.171899, 15.9730674], [108.1720163, 15.9730845], [108.1721766, 15.9731205]]}}, {"type": "Feature", "properties": {"highway": "residential", "source": "digitalglobe", "@id": "way/828307070"}, "geometry": {"type": "LineString", "coordinates": [[108.1740074, 15.9719592], [108.1741797, 15.9718657], [108.1742434, 15.971835], [108.1743503, 15.9718197], [108.1743838, 15.9718258], [108.1744412, 15.9718795], [108.1744779, 15.9718795], [108.1745576, 15.9718574], [108.1746382, 15.9718473], [108.1747, 15.971833], [108.1747814, 15.9718269], [108.1750064, 15.9717947], [108.1752026, 15.971742]]}}, {"type": "Feature", "properties": {"highway": "service", "source": "digitalglobe", "@id": "way/828307071"}, "geometry": {"type": "LineString", "coordinates": [[108.176027, 15.9716982], [108.1761664, 15.971724], [108.1763354, 15.9717498], [108.1763676, 15.9717575], [108.1764722, 15.9718735], [108.1766518, 15.9719768], [108.1767243, 15.9720308], [108.176837, 15.9720515], [108.1768665, 15.9720669], [108.1768987, 15.9720953], [108.1769443, 15.9721701], [108.1769496, 15.9722139], [108.1769738, 15.9723016]]}}, {"type": "Feature", "properties": {"highway": "residential", "source": "digitalglobe", "@id": "way/828307072"}, "geometry": {"type": "LineString", "coordinates": [[108.1753919, 15.9740448], [108.1755039, 15.9740921], [108.1756622, 15.9741571], [108.175926, 15.974451], [108.1759837, 15.9744822], [108.1760472, 15.9745039], [108.1765003, 15.9745724], [108.1766881, 15.9745914]]}}, {"type": "Feature", "properties": {"highway": "residential", "source": "digitalglobe", "@id": "way/828307073"}, "geometry": {"type": "LineString", "coordinates": [[108.1756622, 15.9741571], [108.1760145, 15.9737159]]}}, {"type": "Feature", "properties": {"highway": "residential", "source": "digitalglobe", "@id": "way/828307074"}, "geometry": {"type": "LineString", "coordinates": [[108.1775907, 15.9740821], [108.1771421, 15.9741141], [108.1771285, 15.9741121], [108.1771204, 15.9741055], [108.1771136, 15.9740943], [108.1769255, 15.9735507], [108.1766748, 15.9730853], [108.1766451, 15.9730563], [108.1766143, 15.973041], [108.1765627, 15.9730352], [108.1765252, 15.9730434], [108.1763369, 15.9731438], [108.1759573, 15.9734153], [108.1758653, 15.9735026], [108.1757902, 15.9735832], [108.1757252, 15.9736838], [108.1756254, 15.9738871], [108.1755039, 15.9740921]]}}, {"type": "Feature", "properties": {"highway": "service", "source": "digitalglobe", "@id": "way/828307075"}, "geometry": {"type": "LineString", "coordinates": [[108.1783498, 15.9741298], [108.1783444, 15.9739829], [108.1783578, 15.9739349], [108.1783792, 15.9738988], [108.1785938, 15.9738111], [108.1786367, 15.9737595], [108.1787708, 15.9735507], [108.1789479, 15.9733408], [108.1791437, 15.9730635], [108.1792938, 15.9729475], [108.1793528, 15.9728753], [108.1793797, 15.9728134], [108.1794279, 15.9725608], [108.1794468, 15.9724279], [108.1794226, 15.9723196], [108.1793824, 15.972232], [108.1793475, 15.9719858], [108.1793797, 15.971728], [108.1793475, 15.9715733], [108.1792885, 15.9714548], [108.1791544, 15.9713619], [108.1790756, 15.971057], [108.1789854, 15.970775], [108.1789049, 15.970579], [108.1788856, 15.9704952]]}}, {"type": "Feature", "properties": {"highway": "residential", "source": "digitalglobe", "@id": "way/828307076"}, "geometry": {"type": "LineString", "coordinates": [[108.1765003, 15.9745724], [108.1761275, 15.9756749]]}}, {"type": "Feature", "properties": {"highway": "residential", "source": "digitalglobe", "@id": "way/828307079"}, "geometry": {"type": "LineString", "coordinates": [[108.1705914, 15.9746572], [108.1704644, 15.9746839], [108.1703745, 15.9747504], [108.1703133, 15.9747835], [108.1702913, 15.9747974], [108.1702691, 15.974816], [108.1700572, 15.9750328], [108.1700435, 15.9750695], [108.1700423, 15.9751039], [108.1700589, 15.9751307], [108.1700844, 15.9751501], [108.170279, 15.9752303], [108.1703996, 15.9752571], [108.1713871, 15.9753602], [108.1723321, 15.9754169]]}}, {"type": "Feature", "properties": {"highway": "residential", "source": "digitalglobe", "@id": "way/828307085"}, "geometry": {"type": "LineString", "coordinates": [[108.1764131, 15.9757368], [108.1767954, 15.9750717], [108.1770475, 15.9746804]]}}, {"type": "Feature", "properties": {"highway": "residential", "source": "digitalglobe", "@id": "way/828307101"}, "geometry": {"type": "LineString", "coordinates": [[108.1829097, 15.9741764], [108.1827294, 15.9742175], [108.1825621, 15.9742554], [108.1824123, 15.9742967], [108.1823479, 15.974305], [108.1823006, 15.974306], [108.1822552, 15.974307], [108.1821927, 15.974302], [108.1821584, 15.9743035], [108.1821048, 15.9743292], [108.1820491, 15.9743605], [108.1820091, 15.9744215], [108.1819814, 15.9745218], [108.1819244, 15.9746651], [108.1817401, 15.9750277], [108.1815542, 15.9754253], [108.1813691, 15.9757811], [108.1811764, 15.9761853]]}}, {"type": "Feature", "properties": {"highway": "residential", "source": "digitalglobe", "@id": "way/828307102"}, "geometry": {"type": "LineString", "coordinates": [[108.1812132, 15.9736798], [108.1815419, 15.9736469], [108.1815681, 15.9736507], [108.1815818, 15.9736654], [108.1815902, 15.973686], [108.1815925, 15.9737079], [108.1815773, 15.9739423], [108.1815786, 15.9739613], [108.1815861, 15.9739794], [108.1816216, 15.9740252], [108.1816303, 15.9740415], [108.1816351, 15.9740589], [108.181644, 15.9742], [108.1816417, 15.9742622], [108.1816295, 15.9743109], [108.1815308, 15.9745561], [108.1806694, 15.9743654]]}}, {"type": "Feature", "properties": {"highway": "residential", "source": "digitalglobe", "@id": "way/828307103"}, "geometry": {"type": "LineString", "coordinates": [[108.1818333, 15.9727671], [108.1811513, 15.97266], [108.1811322, 15.972651], [108.1811214, 15.9726384], [108.1811205, 15.9726232], [108.1812009, 15.9723725]]}}, {"type": "Feature", "properties": {"highway": "residential", "source": "digitalglobe", "@id": "way/828307104"}, "geometry": {"type": "LineString", "coordinates": [[108.1820087, 15.9721388], [108.1811213, 15.9720354]]}}, {"type": "Feature", "properties": {"highway": "service", "source": "digitalglobe", "@id": "way/828307105"}, "geometry": {"type": "LineString", "coordinates": [[108.1796936, 15.9705082], [108.1797257, 15.9706203], [108.180002, 15.9715562], [108.1800611, 15.971711], [108.1801093, 15.9717729], [108.1801737, 15.971778], [108.1809436, 15.971591], [108.1816974, 15.9714028], [108.1821074, 15.9713064]]}}, {"type": "Feature", "properties": {"highway": "service", "source": "digitalglobe", "@id": "way/828307106"}, "geometry": {"type": "LineString", "coordinates": [[108.1814422, 15.9705697], [108.1815066, 15.9707613], [108.1815814, 15.970984], [108.1816165, 15.9710885], [108.1816974, 15.9714028]]}}, {"type": "Feature", "properties": {"highway": "service", "source": "digitalglobe", "@id": "way/828307107"}, "geometry": {"type": "LineString", "coordinates": [[108.1809436, 15.971591], [108.1808224, 15.9711896], [108.1807866, 15.9710884], [108.1807099, 15.9708165], [108.1811848, 15.9706989]]}}, {"type": "Feature", "properties": {"highway": "service", "source": "digitalglobe", "@id": "way/828307108"}, "geometry": {"type": "LineString", "coordinates": [[108.1815814, 15.970984], [108.1813221, 15.97106], [108.1808224, 15.9711896]]}}, {"type": "Feature", "properties": {"highway": "residential", "source": "digitalglobe", "@id": "way/828679046"}, "geometry": {"type": "LineString", "coordinates": [[108.1866571, 15.9746844], [108.1867154, 15.9747843], [108.1868017, 15.9749286], [108.1868738, 15.9750401], [108.1869221, 15.9751239], [108.1869449, 15.9751819], [108.1869599, 15.9752471], [108.186973, 15.9753844], [108.1869797, 15.9754965], [108.1869361, 15.9755276]]}}, {"type": "Feature", "properties": {"highway": "residential", "source": "digitalglobe", "@id": "way/828679047"}, "geometry": {"type": "LineString", "coordinates": [[108.1862025, 15.9760439], [108.1862207, 15.9759065], [108.1862287, 15.9756577], [108.1862421, 15.9753844], [108.1862394, 15.9752735], [108.1862317, 15.9751954], [108.1861836, 15.9749129]]}}, {"type": "Feature", "properties": {"highway": "residential", "source": "digitalglobe", "@id": "way/828679048"}, "geometry": {"type": "LineString", "coordinates": [[108.185318, 15.9738427], [108.1853986, 15.9738372], [108.1857368, 15.973811], [108.1858894, 15.9737908], [108.1860276, 15.9737611]]}}, {"type": "Feature", "properties": {"highway": "residential", "source": "digitalglobe", "@id": "way/828679049"}, "geometry": {"type": "LineString", "coordinates": [[108.1890539, 15.9738807], [108.1892851, 15.9737727], [108.1894886, 15.9736904], [108.1895757, 15.9736601], [108.1896844, 15.9736278], [108.1897894, 15.9736064], [108.1899422, 15.9735858]]}}, {"type": "Feature", "properties": {"highway": "residential", "source": "digitalglobe", "@id": "way/828679061"}, "geometry": {"type": "LineString", "coordinates": [[108.1842747, 15.9727077], [108.1844103, 15.972677]]}}, {"type": "Feature", "properties": {"highway": "service", "source": "digitalglobe", "@id": "way/828679063"}, "geometry": {"type": "LineString", "coordinates": [[108.1886988, 15.9710324], [108.1889178, 15.9712606], [108.189082, 15.9715403], [108.1890863, 15.9715584], [108.1890867, 15.9715764], [108.1890765, 15.9716012], [108.1890202, 15.9716554], [108.1889272, 15.9717366], [108.1887943, 15.9718658]]}}, {"type": "Feature", "properties": {"highway": "residential", "source": "digitalglobe", "@id": "way/828679064"}, "geometry": {"type": "LineString", "coordinates": [[108.1900409, 15.9703427], [108.1900752, 15.9704983], [108.1900944, 15.9706766], [108.190108, 15.9708757], [108.190116, 15.9710591], [108.1901331, 15.9711825], [108.1901579, 15.9712833], [108.1901808, 15.9713494], [108.1902512, 15.9714727], [108.1902944, 15.9715209], [108.190381, 15.9716012], [108.1904613, 15.971661], [108.1905343, 15.9717057], [108.1905913, 15.9717243], [108.1906336, 15.9717268], [108.1906771, 15.971714], [108.1908907, 15.9715565], [108.19093, 15.9715494], [108.190962, 15.9715554], [108.1909942, 15.9715751], [108.1910606, 15.9717493], [108.1911185, 15.9718874], [108.1913045, 15.9723826], [108.1913276, 15.9724705], [108.1913249, 15.9725266]]}}, {"type": "Feature", "properties": {"highway": "residential", "source": "digitalglobe", "@id": "way/828679078"}, "geometry": {"type": "LineString", "coordinates": [[108.2019486, 15.9746692], [108.2020222, 15.9745289], [108.2020524, 15.9744696], [108.2021962, 15.9741209], [108.2022268, 15.9740396], [108.2022395, 15.9739958], [108.2022485, 15.9739288], [108.2022496, 15.9738274], [108.2022455, 15.9736941], [108.20222, 15.9734826], [108.202206, 15.9734465], [108.2021825, 15.9734156], [108.2021476, 15.9733949], [108.2017125, 15.9732537], [108.2016091, 15.9732312], [108.2014784, 15.9732131], [108.2001775, 15.973061], [108.2000649, 15.973043], [108.1999844, 15.9730249], [108.1998932, 15.9729991], [108.1995365, 15.9728882], [108.1994721, 15.9728728], [108.199436, 15.9728746], [108.1993913, 15.9728842]]}}, {"type": "Feature", "properties": {"highway": "residential", "source": "digitalglobe", "@id": "way/828679080"}, "geometry": {"type": "LineString", "coordinates": [[108.1969322, 15.9745728], [108.1974767, 15.9745921], [108.1977837, 15.9745386], [108.1980888, 15.9745043], [108.1983392, 15.9744761], [108.1983758, 15.9744896], [108.1984298, 15.9745264], [108.1985119, 15.9745405], [108.1985743, 15.9745457], [108.1987033, 15.9745451], [108.1987499, 15.9745386], [108.19887, 15.9745012], [108.1990454, 15.9744374], [108.1991643, 15.9743987], [108.1991979, 15.9743858], [108.1992462, 15.9743613], [108.1994138, 15.9742949], [108.1995021, 15.9742518], [108.1995606, 15.9742124], [108.1996143, 15.9741647], [108.1996478, 15.9741176], [108.1996626, 15.9740718], [108.1996579, 15.9740332], [108.1996673, 15.9740106], [108.1997712, 15.9738881], [108.1999469, 15.9737144]]}}, {"type": "Feature", "properties": {"highway": "residential", "source": "digitalglobe", "@id": "way/828679081"}, "geometry": {"type": "LineString", "coordinates": [[108.1988194, 15.9761836], [108.19865, 15.9756035], [108.1985515, 15.9753592], [108.1985296, 15.975288], [108.1985163, 15.9752313], [108.1984298, 15.9745264]]}}, {"type": "Feature", "properties": {"highway": "residential", "source": "digitalglobe", "@id": "way/828679082"}, "geometry": {"type": "LineString", "coordinates": [[108.1974767, 15.9745921], [108.197561, 15.9749438], [108.197557, 15.9749692], [108.1975359, 15.9749825], [108.1967772, 15.975093], [108.1967477, 15.9750994], [108.1967244, 15.9751168], [108.1967115, 15.97514], [108.1967096, 15.9751658], [108.1968357, 15.9756505], [108.1971158, 15.9765434], [108.197148, 15.9766318], [108.1971775, 15.976702], [108.1972957, 15.9769139]]}}, {"type": "Feature", "properties": {"highway": "residential", "source": "digitalglobe", "@id": "way/828679083"}, "geometry": {"type": "LineString", "coordinates": [[108.1956381, 15.9744067], [108.1956486, 15.9744728], [108.195646, 15.9745025], [108.1956299, 15.9745411], [108.195591, 15.9746017], [108.1955722, 15.974643], [108.1955628, 15.974683], [108.1955735, 15.9749963], [108.1955883, 15.9752722], [108.1955843, 15.9754346], [108.1955869, 15.9755146], [108.1955937, 15.9755507], [108.1956165, 15.9755842], [108.1956527, 15.9756074], [108.1957089, 15.975617], [108.1957988, 15.9756235], [108.1959993, 15.9756506], [108.1961818, 15.9756827], [108.1962407, 15.9756886], [108.1963004, 15.9756893], [108.1968357, 15.9756505]]}}, {"type": "Feature", "properties": {"highway": "residential", "source": "digitalglobe", "@id": "way/828679085"}, "geometry": {"type": "LineString", "coordinates": [[108.1993913, 15.9728842], [108.1991838, 15.9729682], [108.1988164, 15.9731234], [108.198709, 15.9731654], [108.1986205, 15.9731899], [108.1981606, 15.9732833], [108.1980237, 15.9733034], [108.1979433, 15.9733207], [108.1978468, 15.9733465], [108.1977502, 15.9733865], [108.1974605, 15.9735193], [108.197203, 15.9736502], [108.1967605, 15.973905], [108.196456, 15.9740538], [108.1959906, 15.9742601], [108.1956381, 15.9744067], [108.1953831, 15.974516], [108.1952986, 15.9745669], [108.1952275, 15.9746159], [108.1946695, 15.9750703], [108.1946131, 15.9751219], [108.1945999, 15.9751703], [108.1946118, 15.9753166], [108.1946145, 15.9754223], [108.1946093, 15.9754888], [108.1945945, 15.9755429], [108.1945717, 15.9755842], [108.1945248, 15.9756345], [108.1944202, 15.9756951], [108.1943927, 15.9757281], [108.1943773, 15.9757686], [108.1943747, 15.9760754], [108.1943826, 15.9761476], [108.1944209, 15.9762566], [108.1945759, 15.9766327], [108.1946967, 15.9769373], [108.1947072, 15.9769638], [108.195098, 15.9780278]]}}, {"type": "Feature", "properties": {"highway": "residential", "source": "digitalglobe", "@id": "way/828679089"}, "geometry": {"type": "LineString", "coordinates": [[108.1981606, 15.9732833], [108.1982209, 15.9736528], [108.198234, 15.9736857], [108.1982535, 15.9737176], [108.1983416, 15.9738243], [108.1983617, 15.9738546], [108.1983738, 15.9738881], [108.1983791, 15.9739197], [108.1983915, 15.9742041], [108.1983878, 15.974234], [108.1983805, 15.9742575], [108.1983479, 15.9743291], [108.1983429, 15.9743529], [108.1983392, 15.9744761]]}}, {"type": "Feature", "properties": {"highway": "residential", "source": "digitalglobe", "@id": "way/829062225"}, "geometry": {"type": "LineString", "coordinates": [[108.1823248, 15.9551063], [108.1831976, 15.9541882]]}}, {"type": "Feature", "properties": {"highway": "residential", "source": "digitalglobe", "@id": "way/829062226"}, "geometry": {"type": "LineString", "coordinates": [[108.187826, 15.9515746], [108.1873825, 15.9518205], [108.1873757, 15.9518295], [108.1873727, 15.9518405], [108.1873749, 15.9518517], [108.1876583, 15.952321]]}}, {"type": "Feature", "properties": {"highway": "residential", "source": "digitalglobe", "@id": "way/829062227"}, "geometry": {"type": "LineString", "coordinates": [[108.1924612, 15.9517635], [108.1924577, 15.9516361], [108.1924523, 15.9516149], [108.1924403, 15.9515981], [108.1924229, 15.9515858], [108.1923989, 15.9515782], [108.1919697, 15.9515664], [108.191942, 15.9515603], [108.1919202, 15.9515448], [108.1919075, 15.9515191], [108.1918795, 15.9512907]]}}, {"type": "Feature", "properties": {"highway": "residential", "source": "digitalglobe", "@id": "way/829062228"}, "geometry": {"type": "LineString", "coordinates": [[108.1934785, 15.9527801], [108.193236, 15.9527428], [108.1930912, 15.9527312], [108.1929352, 15.9527259], [108.1926991, 15.9527324], [108.1921747, 15.9527672]]}}, {"type": "Feature", "properties": {"highway": "residential", "source": "digitalglobe", "@id": "way/829062229"}, "geometry": {"type": "LineString", "coordinates": [[108.1896332, 15.9540203], [108.1896634, 15.9541445], [108.1901816, 15.9552486], [108.1903111, 15.955587]]}}, {"type": "Feature", "properties": {"highway": "residential", "source": "digitalglobe", "@id": "way/829062231"}, "geometry": {"type": "LineString", "coordinates": [[108.1882414, 15.9591053], [108.1883906, 15.9594285]]}}, {"type": "Feature", "properties": {"highway": "residential", "source": "digitalglobe", "@id": "way/829062233"}, "geometry": {"type": "LineString", "coordinates": [[108.1955457, 15.9565833], [108.1953019, 15.9573626], [108.1952966, 15.9573989], [108.1953022, 15.9574332], [108.1953223, 15.9574552], [108.1958315, 15.9577405], [108.1959028, 15.9577606], [108.1959803, 15.9577611], [108.1964533, 15.9576818]]}}, {"type": "Feature", "properties": {"highway": "residential", "source": "digitalglobe", "@id": "way/829062234"}, "geometry": {"type": "LineString", "coordinates": [[108.1951761, 15.956152], [108.1951234, 15.9560738], [108.194622, 15.9554231]]}}, {"type": "Feature", "properties": {"highway": "residential", "source": "digitalglobe", "@id": "way/829062236"}, "geometry": {"type": "LineString", "coordinates": [[108.1934678, 15.9647262], [108.1939257, 15.9644146], [108.1939656, 15.9643928], [108.194006, 15.9643777], [108.1940436, 15.9643685], [108.1942066, 15.9643616], [108.1942568, 15.9643548], [108.1943027, 15.9643428], [108.1944175, 15.9642824], [108.1945129, 15.9642239], [108.1945412, 15.964196], [108.1945581, 15.9641665], [108.1946171, 15.9640383], [108.1946398, 15.9640134], [108.1946737, 15.9639926], [108.1947086, 15.9639781], [108.1951263, 15.9639434]]}}, {"type": "Feature", "properties": {"highway": "residential", "source": "digitalglobe", "@id": "way/829062237"}, "geometry": {"type": "LineString", "coordinates": [[108.1915669, 15.9631317], [108.1922322, 15.9629686], [108.1922609, 15.9629487], [108.1922657, 15.9629211], [108.1921899, 15.9626946]]}}, {"type": "Feature", "properties": {"highway": "residential", "source": "digitalglobe", "@id": "way/829062238"}, "geometry": {"type": "LineString", "coordinates": [[108.1838403, 15.9616964], [108.1837384, 15.9620818], [108.183741, 15.962144], [108.1838281, 15.9622884], [108.1838457, 15.9624208], [108.184071, 15.9653205]]}}, {"type": "Feature", "properties": {"highway": "residential", "source": "digitalglobe", "@id": "way/829062240"}, "geometry": {"type": "LineString", "coordinates": [[108.1831462, 15.964907], [108.182813, 15.9648976], [108.1827952, 15.9648901], [108.1827824, 15.9648773], [108.1827737, 15.9648588], [108.1827658, 15.9647881], [108.1827411, 15.9644568], [108.1827475, 15.9642424], [108.1827579, 15.9639965], [108.1827669, 15.9633197], [108.1827998, 15.9630709], [108.1828282, 15.9628575], [108.1828047, 15.9618615], [108.1828054, 15.9616383], [108.1828196, 15.9614093]]}}, {"type": "Feature", "properties": {"highway": "residential", "source": "digitalglobe", "@id": "way/829062243"}, "geometry": {"type": "LineString", "coordinates": [[108.1827669, 15.9633197], [108.1834826, 15.9633358]]}}, {"type": "Feature", "properties": {"highway": "residential", "source": "digitalglobe", "@id": "way/829062244"}, "geometry": {"type": "LineString", "coordinates": [[108.1828282, 15.9628575], [108.1834981, 15.9628457]]}}, {"type": "Feature", "properties": {"highway": "residential", "source": "digitalglobe", "@id": "way/829062246"}, "geometry": {"type": "LineString", "coordinates": [[108.1827658, 15.9647881], [108.1823194, 15.964793]]}}, {"type": "Feature", "properties": {"highway": "residential", "source": "digitalglobe", "@id": "way/829062247"}, "geometry": {"type": "LineString", "coordinates": [[108.1827411, 15.9644568], [108.1823261, 15.9644655]]}}, {"type": "Feature", "properties": {"highway": "residential", "source": "digitalglobe", "@id": "way/829062248"}, "geometry": {"type": "LineString", "coordinates": [[108.1835624, 15.9638653], [108.1835586, 15.9645796], [108.1835521, 15.9646714], [108.1835338, 15.9647732], [108.1835009, 15.9648762], [108.1834516, 15.9649838], [108.1834015, 15.965075], [108.1832874, 15.9652357], [108.183266, 15.9652738], [108.1832494, 15.9653192], [108.182998, 15.9661649]]}}, {"type": "Feature", "properties": {"highway": "residential", "source": "digitalglobe", "@id": "way/829062249"}, "geometry": {"type": "LineString", "coordinates": [[108.1845805, 15.9656846], [108.1846003, 15.9657912], [108.1846011, 15.9658032], [108.1846041, 15.9658488], [108.1845984, 15.9659137], [108.1845756, 15.9662745]]}}, {"type": "Feature", "properties": {"highway": "residential", "source": "digitalglobe", "@id": "way/829062250"}, "geometry": {"type": "LineString", "coordinates": [[108.1867787, 15.9662196], [108.1867672, 15.9659811], [108.1867187, 15.9658593], [108.1866746, 15.9657742], [108.1866372, 15.9657173], [108.1865853, 15.9656558], [108.1865375, 15.96561], [108.1864466, 15.965533], [108.1863559, 15.9651914], [108.1862464, 15.9648894], [108.1862135, 15.9647059], [108.1861298, 15.964409], [108.1861164, 15.9642646], [108.1861167, 15.9642251], [108.1861251, 15.9641821], [108.1861456, 15.9641496], [108.1861774, 15.9641254], [108.1864997, 15.9640217], [108.1865644, 15.9639929], [108.1866146, 15.9639649], [108.1866577, 15.963936], [108.1867171, 15.9638864], [108.1867304, 15.9638796], [108.1867414, 15.9638804], [108.1867544, 15.9638878], [108.1868376, 15.9640052]]}}, {"type": "Feature", "properties": {"highway": "residential", "source": "digitalglobe", "@id": "way/829062252"}, "geometry": {"type": "LineString", "coordinates": [[108.1827557, 15.9677512], [108.1827078, 15.9677253], [108.1827047, 15.9674409], [108.1827252, 15.9672591], [108.1827455, 15.9671332], [108.1827826, 15.966942], [108.1829407, 15.9664705], [108.1829664, 15.9663815]]}}, {"type": "Feature", "properties": {"highway": "residential", "source": "digitalglobe", "@id": "way/829062254"}, "geometry": {"type": "LineString", "coordinates": [[108.1827826, 15.966942], [108.1832299, 15.9670029], [108.1834207, 15.967032], [108.1837513, 15.9671107], [108.1840804, 15.9672167], [108.1842202, 15.9672463], [108.1843283, 15.9672581], [108.1844559, 15.9672698], [108.184963, 15.9673553], [108.1850171, 15.9673644], [108.1850594, 15.9673967], [108.1851341, 15.967473], [108.1851506, 15.9674952], [108.1858566, 15.9676748], [108.1859292, 15.9677279], [108.1859754, 15.9677576], [108.1859584, 15.9677908], [108.1858691, 15.9681686], [108.1858905, 15.9682055], [108.185928, 15.9682427], [108.1861432, 15.96842], [108.1864828, 15.968732], [108.1867537, 15.969011]]}}, {"type": "Feature", "properties": {"highway": "residential", "source": "digitalglobe", "@id": "way/829062255"}, "geometry": {"type": "LineString", "coordinates": [[108.1829407, 15.9664705], [108.1837721, 15.9665353], [108.183973, 15.9665744], [108.1841551, 15.9666223], [108.1843555, 15.9666537], [108.1844645, 15.9666504], [108.1845679, 15.9666625], [108.1849374, 15.9667074], [108.1851213, 15.9667378], [108.1855495, 15.9667701], [108.1856601, 15.9667297], [108.1859702, 15.9667196], [108.186049, 15.9667194], [108.1861248, 15.9667232], [108.1862703, 15.9667355], [108.1863195, 15.9667603], [108.1866668, 15.9666298], [108.1868451, 15.96656]]}}, {"type": "Feature", "properties": {"highway": "residential", "source": "digitalglobe", "@id": "way/829062256"}, "geometry": {"type": "LineString", "coordinates": [[108.1881845, 15.9683976], [108.1881037, 15.9683229], [108.1880457, 15.9682481], [108.1878958, 15.9679841], [108.187769, 15.9676802], [108.1877178, 15.9674471], [108.1876525, 15.9672599], [108.1876357, 15.9671445], [108.1876163, 15.9671063], [108.1875615, 15.967079], [108.1875013, 15.9670303], [108.1874012, 15.9668855], [108.1873364, 15.9668388], [108.1872787, 15.9668136], [108.1871446, 15.9667883], [108.187042, 15.966756], [108.1869674, 15.9667074], [108.1869284, 15.9666753], [108.1868451, 15.96656], [108.1867945, 15.9664407]]}}, {"type": "Feature", "properties": {"highway": "residential", "source": "digitalglobe", "@id": "way/829062257"}, "geometry": {"type": "LineString", "coordinates": [[108.1888491, 15.9682154], [108.1886089, 15.9676926], [108.1885721, 15.9675961], [108.1885474, 15.9674883], [108.1885219, 15.9673197], [108.1884504, 15.967138], [108.1884454, 15.9671164], [108.188447, 15.9670999], [108.1884595, 15.9670833], [108.188482, 15.9670728], [108.1885822, 15.9670604], [108.1886331, 15.9670653], [108.1886806, 15.9670784], [108.1887207, 15.9670999], [108.188838, 15.9671871], [108.1888849, 15.9672066], [108.1889303, 15.9672127], [108.1889694, 15.9672127], [108.1890335, 15.9671946], [108.1890928, 15.9671688], [108.1891077, 15.9671545], [108.189118, 15.9671375], [108.1891211, 15.9670683]]}}, {"type": "Feature", "properties": {"highway": "residential", "source": "digitalglobe", "@id": "way/829062259"}, "geometry": {"type": "LineString", "coordinates": [[108.1861432, 15.96842], [108.1857755, 15.9689337], [108.1854483, 15.968779]]}}, {"type": "Feature", "properties": {"highway": "residential", "source": "digitalglobe", "@id": "way/829062260"}, "geometry": {"type": "LineString", "coordinates": [[108.1851506, 15.9674952], [108.1851124, 15.967754], [108.1850258, 15.9680414], [108.1848032, 15.9686062]]}}, {"type": "Feature", "properties": {"highway": "residential", "source": "digitalglobe", "@id": "way/829062262"}, "geometry": {"type": "LineString", "coordinates": [[108.1901277, 15.9684572], [108.1900924, 15.9681404]]}}, {"type": "Feature", "properties": {"highway": "residential", "source": "digitalglobe", "@id": "way/829062263"}, "geometry": {"type": "LineString", "coordinates": [[108.1907551, 15.9684647], [108.1906289, 15.9684517], [108.1905131, 15.9684472], [108.1903911, 15.9684472], [108.1902473, 15.9684547], [108.1901277, 15.9684572], [108.1898551, 15.9686145], [108.1898034, 15.9686306], [108.1897582, 15.9686319], [108.1897045, 15.9686216], [108.1896482, 15.9686246], [108.1895888, 15.9686517], [108.1895434, 15.9686938], [108.1895059, 15.9687585]]}}, {"type": "Feature", "properties": {"highway": "residential", "source": "digitalglobe", "@id": "way/829062265"}, "geometry": {"type": "LineString", "coordinates": [[108.1907031, 15.968074], [108.190704, 15.9682156], [108.1907244, 15.9683503], [108.1907551, 15.9684647], [108.1908213, 15.9686367], [108.1909009, 15.9687727], [108.190973, 15.9688713], [108.1912045, 15.9691084], [108.1915567, 15.9695921]]}}, {"type": "Feature", "properties": {"highway": "residential", "source": "digitalglobe", "@id": "way/829062266"}, "geometry": {"type": "LineString", "coordinates": [[108.1919411, 15.9688186], [108.1917628, 15.9687855], [108.1916886, 15.9687886], [108.1916236, 15.9688081], [108.1915564, 15.9688442], [108.1912045, 15.9691084]]}}, {"type": "Feature", "properties": {"highway": "residential", "source": "digitalglobe", "@id": "way/829062267"}, "geometry": {"type": "LineString", "coordinates": [[108.1919901, 15.9701916], [108.1924641, 15.9715764]]}}, {"type": "Feature", "properties": {"highway": "residential", "source": "digitalglobe", "@id": "way/829062268"}, "geometry": {"type": "LineString", "coordinates": [[108.1918923, 15.9694933], [108.1919286, 15.9693088], [108.1919802, 15.9690697], [108.1920725, 15.968548], [108.1921038, 15.9682788], [108.1921223, 15.9679594], [108.192146, 15.9676352], [108.1921631, 15.967531]]}}, {"type": "Feature", "properties": {"highway": "residential", "source": "digitalglobe", "@id": "way/829062270"}, "geometry": {"type": "LineString", "coordinates": [[108.1947005, 15.9677392], [108.19453, 15.9678138], [108.1944951, 15.9678189], [108.1944648, 15.9678126], [108.1944355, 15.9677898], [108.1943304, 15.967634], [108.1942638, 15.9675574], [108.1941668, 15.9674843], [108.1933594, 15.9670691]]}}, {"type": "Feature", "properties": {"highway": "residential", "source": "digitalglobe", "@id": "way/829062271"}, "geometry": {"type": "LineString", "coordinates": [[108.1954119, 15.9685959], [108.1957878, 15.9685641], [108.1958283, 15.9685571], [108.1958579, 15.9685417], [108.1958733, 15.9685168], [108.1958773, 15.9684857], [108.1958179, 15.9680787], [108.1958238, 15.9680517], [108.1958384, 15.9680331], [108.1958662, 15.9680194], [108.1962341, 15.9679769], [108.1963127, 15.9679615], [108.1963722, 15.9679405], [108.1965337, 15.9678735]]}}, {"type": "Feature", "properties": {"highway": "residential", "source": "digitalglobe", "@id": "way/829062272"}, "geometry": {"type": "LineString", "coordinates": [[108.197585, 15.9666517], [108.197498, 15.966429], [108.1974032, 15.9662703], [108.197388, 15.9662029], [108.1974013, 15.9661427], [108.1974623, 15.9660338], [108.1976427, 15.9658864]]}}, {"type": "Feature", "properties": {"highway": "residential", "@id": "way/830583822"}, "geometry": {"type": "LineString", "coordinates": [[108.1851213, 15.9667378], [108.1851223, 15.9667858], [108.1851464, 15.9668812], [108.1851518, 15.9670411], [108.1851491, 15.9671855], [108.1851341, 15.967473]]}}, {"type": "Feature", "properties": {"highway": "residential", "source": "digitalglobe", "@id": "way/830632148"}, "geometry": {"type": "LineString", "coordinates": [[108.1760585, 15.9550924], [108.1766263, 15.9550881]]}}, {"type": "Feature", "properties": {"highway": "residential", "source": "digitalglobe", "@id": "way/830632149"}, "geometry": {"type": "LineString", "coordinates": [[108.1818906, 15.9555752], [108.1817242, 15.9555159], [108.1816059, 15.955519], [108.1814826, 15.9555396], [108.181381, 15.9556061], [108.1812522, 15.9556964], [108.1811312, 15.9557356], [108.1809974, 15.9557454], [108.1807557, 15.9557691], [108.1804233, 15.9557609], [108.1802061, 15.955993], [108.1801093, 15.9560915], [108.1800395, 15.9561276], [108.1796274, 15.9562148]]}}, {"type": "Feature", "properties": {"highway": "service", "source": "digitalglobe", "@id": "way/830632150"}, "geometry": {"type": "LineString", "coordinates": [[108.1804233, 15.9557609], [108.1804553, 15.9556724], [108.1804566, 15.9556492], [108.1804526, 15.9556324], [108.1804016, 15.9554932], [108.1803882, 15.9553333], [108.180348, 15.9551115], [108.1803453, 15.9549464], [108.1803469, 15.9548352], [108.1803658, 15.9543581], [108.1804328, 15.9541312], [108.1805079, 15.9540125], [108.180768, 15.9538707], [108.1808967, 15.9537676], [108.1811703, 15.953471], [108.1812534, 15.9533704], [108.1814333, 15.9531167]]}}, {"type": "Feature", "properties": {"highway": "service", "source": "digitalglobe", "@id": "way/830632151"}, "geometry": {"type": "LineString", "coordinates": [[108.1819693, 15.9519933], [108.1812748, 15.9516864], [108.1812244, 15.9516703], [108.1811661, 15.9516583], [108.1809434, 15.9516248]]}}, {"type": "Feature", "properties": {"highway": "residential", "source": "digitalglobe", "@id": "way/830632153"}, "geometry": {"type": "LineString", "coordinates": [[108.175721, 15.9587461], [108.1755038, 15.9580926], [108.1753471, 15.9578416]]}}, {"type": "Feature", "properties": {"highway": "residential", "source": "digitalglobe", "@id": "way/830632155"}, "geometry": {"type": "LineString", "coordinates": [[108.1762387, 15.957649], [108.1764963, 15.9585441]]}}, {"type": "Feature", "properties": {"highway": "residential", "source": "digitalglobe", "@id": "way/830632156"}, "geometry": {"type": "LineString", "coordinates": [[108.1771025, 15.9589196], [108.1760804, 15.9591926], [108.1754448, 15.9593576], [108.1753766, 15.9593387]]}}, {"type": "Feature", "properties": {"highway": "residential", "source": "digitalglobe", "@id": "way/830632158"}, "geometry": {"type": "LineString", "coordinates": [[108.1767492, 15.9574271], [108.1762387, 15.957649], [108.1761294, 15.957694], [108.175784, 15.9578759], [108.1757644, 15.9578918], [108.1757523, 15.9579089], [108.175748, 15.9579308], [108.1757499, 15.9579532], [108.175941, 15.9586823], [108.1760804, 15.9591926], [108.176228, 15.9597078], [108.1763864, 15.9602293]]}}, {"type": "Feature", "properties": {"highway": "residential", "source": "digitalglobe", "@id": "way/830632161"}, "geometry": {"type": "LineString", "coordinates": [[108.1752736, 15.9599676], [108.176228, 15.9597078], [108.1772035, 15.9594513]]}}, {"type": "Feature", "properties": {"highway": "residential", "source": "digitalglobe", "@id": "way/830632162"}, "geometry": {"type": "LineString", "coordinates": [[108.179798, 15.9593934], [108.1794848, 15.9592722]]}}, {"type": "Feature", "properties": {"highway": "residential", "source": "digitalglobe", "@id": "way/830632163"}, "geometry": {"type": "LineString", "coordinates": [[108.1816167, 15.9615205], [108.1818902, 15.9615041]]}}, {"type": "Feature", "properties": {"highway": "residential", "source": "digitalglobe", "@id": "way/830632164"}, "geometry": {"type": "LineString", "coordinates": [[108.1805102, 15.9625781], [108.1805968, 15.9629576], [108.1805988, 15.962986], [108.180592, 15.9630127], [108.1804756, 15.9631553], [108.1804715, 15.9631708], [108.1804727, 15.9631884], [108.1805957, 15.9634748], [108.1806038, 15.9635059], [108.1806058, 15.9635385], [108.1806027, 15.9635645], [108.1804394, 15.9639173], [108.1804154, 15.9639578], [108.1803837, 15.9639927], [108.1798175, 15.9644671]]}}, {"type": "Feature", "properties": {"highway": "residential", "source": "digitalglobe", "@id": "way/830632165"}, "geometry": {"type": "LineString", "coordinates": [[108.1805102, 15.9625781], [108.1807655, 15.9625137], [108.1807993, 15.9624947], [108.180814, 15.9624708], [108.1808174, 15.9624431], [108.1808133, 15.9624083], [108.1807168, 15.9620756], [108.1807134, 15.9620388], [108.1807174, 15.9620073], [108.1807667, 15.9618516], [108.1807699, 15.9618261], [108.1807691, 15.9617982], [108.1805519, 15.9609296]]}}, {"type": "Feature", "properties": {"highway": "residential", "source": "digitalglobe", "@id": "way/830632166"}, "geometry": {"type": "LineString", "coordinates": [[108.1805102, 15.9625781], [108.1802542, 15.962651], [108.1802176, 15.9626578], [108.1801779, 15.9626597], [108.1801049, 15.9626562], [108.1800693, 15.9626485], [108.1800368, 15.9626327], [108.1799521, 15.9625602], [108.1799228, 15.9625434], [108.1798799, 15.9625289], [108.1795155, 15.9624523]]}}, {"type": "Feature", "properties": {"highway": "residential", "source": "digitalglobe", "@id": "way/830632167"}, "geometry": {"type": "LineString", "coordinates": [[108.1811795, 15.9640729], [108.1810695, 15.9641003], [108.18104, 15.9641042], [108.1810075, 15.9641055], [108.1807014, 15.9640861], [108.1806668, 15.9640885], [108.1806259, 15.9640967], [108.1805902, 15.9641103], [108.1805585, 15.9641292], [108.1799676, 15.9646706]]}}, {"type": "Feature", "properties": {"highway": "residential", "source": "digitalglobe", "@id": "way/830632168"}, "geometry": {"type": "LineString", "coordinates": [[108.1806259, 15.9640967], [108.1808717, 15.9646183]]}}, {"type": "Feature", "properties": {"highway": "residential", "source": "digitalglobe", "@id": "way/830632169"}, "geometry": {"type": "LineString", "coordinates": [[108.1818889, 15.9630465], [108.181846, 15.9635929]]}}, {"type": "Feature", "properties": {"highway": "residential", "source": "digitalglobe", "@id": "way/830632170"}, "geometry": {"type": "LineString", "coordinates": [[108.1827579, 15.9639965], [108.1820597, 15.9639913]]}}, {"type": "Feature", "properties": {"highway": "residential", "source": "digitalglobe", "@id": "way/830632171"}, "geometry": {"type": "LineString", "coordinates": [[108.1802794, 15.965082], [108.1799282, 15.9652604], [108.1798752, 15.9652848], [108.1798186, 15.9653067], [108.179544, 15.9653926], [108.1794965, 15.9654106], [108.179452, 15.9654327], [108.1793459, 15.96555]]}}, {"type": "Feature", "properties": {"highway": "residential", "source": "digitalglobe", "@id": "way/830632172"}, "geometry": {"type": "LineString", "coordinates": [[108.1790354, 15.9656743], [108.1788601, 15.9657441], [108.1784289, 15.9659612], [108.1784134, 15.9659754], [108.1784077, 15.9659897], [108.1784081, 15.9660057], [108.1784141, 15.9660239], [108.1788875, 15.9665622], [108.1789475, 15.9667153]]}}, {"type": "Feature", "properties": {"highway": "residential", "source": "digitalglobe", "@id": "way/830632175"}, "geometry": {"type": "LineString", "coordinates": [[108.1755105, 15.9691065], [108.1752009, 15.9690363], [108.175132, 15.9690357], [108.1750506, 15.969055], [108.1749845, 15.9691027], [108.1749449, 15.9691511], [108.1749221, 15.9692161], [108.1747904, 15.9700027], [108.1747632, 15.9701202], [108.1747247, 15.9702258], [108.1744775, 15.9707706]]}}, {"type": "Feature", "properties": {"highway": "service", "source": "digitalglobe", "@id": "way/830632176"}, "geometry": {"type": "LineString", "coordinates": [[108.1766814, 15.9677811], [108.1766841, 15.9681164], [108.176668, 15.9685058], [108.1766602, 15.9685598], [108.1765687, 15.9685548], [108.1764992, 15.9685289], [108.1763998, 15.9684568], [108.1762523, 15.9683586], [108.1761557, 15.9683149], [108.1760726, 15.9682967], [108.175669, 15.9682361]]}}, {"type": "Feature", "properties": {"highway": "residential", "source": "digitalglobe", "@id": "way/830632177"}, "geometry": {"type": "LineString", "coordinates": [[108.1734131, 15.9705185], [108.1734939, 15.9699537], [108.1735543, 15.9697126], [108.1735472, 15.9695824], [108.17351, 15.9692419], [108.1735164, 15.9691646], [108.1735419, 15.9690963], [108.173596, 15.9690202], [108.1736237, 15.9689983], [108.1738348, 15.9689583], [108.1739348, 15.9689261], [108.1739742, 15.9688718], [108.1740158, 15.9686964], [108.1740421, 15.9686115], [108.1740722, 15.9684643], [108.1740502, 15.9684181], [108.1740401, 15.9683688], [108.1740387, 15.9683143], [108.1740441, 15.9682627], [108.1741115, 15.968066], [108.174164, 15.9679125], [108.1741737, 15.9679029], [108.1742065, 15.9678917], [108.1742996, 15.9678944], [108.1743236, 15.967889], [108.1743454, 15.9678775], [108.1743636, 15.9678593], [108.1744873, 15.9675922]]}}, {"type": "Feature", "properties": {"highway": "residential", "source": "digitalglobe", "@id": "way/830632180"}, "geometry": {"type": "LineString", "coordinates": [[108.1745939, 15.9673472], [108.1747287, 15.9670797], [108.1747807, 15.9669904], [108.1748413, 15.966909], [108.1751934, 15.9664882], [108.1753214, 15.9663107], [108.175475, 15.9663738], [108.1757908, 15.966555], [108.1758298, 15.9665733], [108.175871, 15.9665868], [108.1760955, 15.9666227]]}}, {"type": "Feature", "properties": {"highway": "residential", "source": "digitalglobe", "@id": "way/830632181"}, "geometry": {"type": "LineString", "coordinates": [[108.1753214, 15.9663107], [108.1746912, 15.9659967]]}}, {"type": "Feature", "properties": {"highway": "residential", "source": "digitalglobe", "@id": "way/830632182"}, "geometry": {"type": "LineString", "coordinates": [[108.1685865, 15.967482], [108.1687119, 15.9677284], [108.1687219, 15.967767], [108.1687267, 15.9678037], [108.1687406, 15.967955], [108.1687475, 15.9679822], [108.1687796, 15.9680739], [108.1687899, 15.9681461], [108.1687945, 15.968235], [108.1687903, 15.9684039]]}}, {"type": "Feature", "properties": {"highway": "residential", "source": "digitalglobe", "@id": "way/830632183"}, "geometry": {"type": "LineString", "coordinates": [[108.1692879, 15.9672557], [108.1693429, 15.9672497], [108.1693878, 15.9672489], [108.1694307, 15.9672522], [108.1694653, 15.9672593], [108.1696326, 15.9673247], [108.1697948, 15.9673737], [108.1704569, 15.967517]]}}, {"type": "Feature", "properties": {"highway": "residential", "source": "digitalglobe", "@id": "way/830632184"}, "geometry": {"type": "LineString", "coordinates": [[108.1704569, 15.967517], [108.1705596, 15.9672667], [108.1706625, 15.96686], [108.1706585, 15.9667078], [108.1705096, 15.9662721], [108.1704466, 15.9662043], [108.170397, 15.9661707], [108.1702623, 15.9661108]]}}, {"type": "Feature", "properties": {"highway": "track", "source": "digitalglobe", "surface": "unpaved", "@id": "way/830632187"}, "geometry": {"type": "LineString", "coordinates": [[108.1690427, 15.9606047], [108.169268, 15.9603597], [108.1693217, 15.9602642], [108.1694021, 15.9601017], [108.1694421, 15.9599984], [108.1693992, 15.9598437], [108.1693348, 15.9596554], [108.1694101, 15.9590806]]}}, {"type": "Feature", "properties": {"highway": "track", "source": "digitalglobe", "surface": "unpaved", "@id": "way/830632188"}, "geometry": {"type": "LineString", "coordinates": [[108.1707728, 15.9590507], [108.1704536, 15.9595911], [108.1700459, 15.96033], [108.170051, 15.9603736], [108.1700939, 15.9604407], [108.170117, 15.9605196], [108.1701234, 15.9605658], [108.1701154, 15.9606238], [108.1700805, 15.9607127], [108.1700701, 15.9607324]]}}, {"type": "Feature", "properties": {"highway": "track", "source": "digitalglobe", "surface": "unpaved", "@id": "way/831044099"}, "geometry": {"type": "LineString", "coordinates": [[108.1958446, 15.9469703], [108.1960279, 15.9494318], [108.1960258, 15.949464], [108.1960147, 15.9494874], [108.1959936, 15.9494995], [108.1940192, 15.9501548], [108.1933621, 15.950472], [108.1933141, 15.9505033], [108.1932859, 15.9505272], [108.1932662, 15.9505581], [108.1932451, 15.9506409]]}}, {"type": "Feature", "properties": {"highway": "residential", "@id": "way/831603695"}, "geometry": {"type": "LineString", "coordinates": [[108.1962651, 15.9691677], [108.1963112, 15.9690863], [108.1963393, 15.9690337], [108.196369, 15.9689495], [108.1963815, 15.9688998], [108.1963941, 15.9688201], [108.196405, 15.9686833], [108.196441, 15.9686547], [108.196527, 15.9686427], [108.1966568, 15.9686472], [108.1969211, 15.9687453]]}}, {"type": "Feature", "properties": {"highway": "residential", "@id": "way/831603696"}, "geometry": {"type": "LineString", "coordinates": [[108.1893964, 15.9696133], [108.1894136, 15.9695509], [108.1894136, 15.9695103], [108.1894261, 15.9694833], [108.1894762, 15.9694472], [108.1896185, 15.969387], [108.1897467, 15.9693284], [108.1899078, 15.9692652]]}}, {"type": "Feature", "properties": {"highway": "residential", "@id": "way/831603697"}, "geometry": {"type": "LineString", "coordinates": [[108.1859754, 15.9677576], [108.1860501, 15.9677554], [108.1862586, 15.9678145], [108.1863036, 15.9678125], [108.1863588, 15.9677749], [108.1865593, 15.9676826], [108.1865969, 15.9676579], [108.1867015, 15.9675242], [108.1867155, 15.9674991], [108.1867031, 15.9674735], [108.1865409, 15.9672375], [108.1865416, 15.9671961], [108.1865506, 15.9671508], [108.1866687, 15.9669991], [108.1867844, 15.9668563], [108.1868908, 15.9667495], [108.1869674, 15.9667074]]}}, {"type": "Feature", "properties": {"highway": "service", "@id": "way/831603699"}, "geometry": {"type": "LineString", "coordinates": [[108.1848356, 15.9696126], [108.184834, 15.9696697], [108.1848403, 15.9697479], [108.1848324, 15.9698036], [108.184798, 15.9698848], [108.1847151, 15.9701524], [108.1846322, 15.9703509], [108.1846041, 15.9704291], [108.1846072, 15.9704742], [108.1846338, 15.9704983], [108.1847355, 15.9705569], [108.1851922, 15.9708005], [108.1852736, 15.9708608]]}}, {"type": "Feature", "properties": {"highway": "residential", "@id": "way/831603700"}, "geometry": {"type": "LineString", "coordinates": [[108.1895171, 15.9674222], [108.1896075, 15.9674232], [108.189789, 15.9674111], [108.1898625, 15.9673961], [108.1899157, 15.9673751], [108.1900517, 15.9673044], [108.1900752, 15.9673044], [108.1901143, 15.9673299], [108.1901503, 15.9673585]]}}, {"type": "Feature", "properties": {"highway": "residential", "@id": "way/831603701"}, "geometry": {"type": "LineString", "coordinates": [[108.1896654, 15.9681436], [108.1895356, 15.9675525], [108.1895171, 15.9674222], [108.1894918, 15.9672382], [108.1893583, 15.9671852], [108.1893703, 15.9670917], [108.1893621, 15.9668694], [108.1893398, 15.9662666]]}}, {"type": "Feature", "properties": {"highway": "residential", "@id": "way/831603702"}, "geometry": {"type": "LineString", "coordinates": [[108.188289, 15.9678021], [108.1886089, 15.9676926]]}}, {"type": "Feature", "properties": {"highway": "residential", "@id": "way/831603703"}, "geometry": {"type": "LineString", "coordinates": [[108.1912823, 15.9679276], [108.1913859, 15.9680908], [108.1914891, 15.9682863], [108.1915611, 15.9684442], [108.1915767, 15.9684622], [108.1916002, 15.9684668], [108.1916424, 15.9684562], [108.191694, 15.9684277], [108.1917159, 15.9684262], [108.1917331, 15.9684329], [108.1917488, 15.9684818], [108.1917949, 15.9685465], [108.1918661, 15.9686006], [108.1919216, 15.968616], [108.1919497, 15.968631], [108.1919685, 15.9686716], [108.1919709, 15.9686931], [108.1919677, 15.9687254], [108.1919411, 15.9688186], [108.191913, 15.9690216], [108.1918614, 15.9692412], [108.1918176, 15.9694547], [108.1918106, 15.9695028]]}}, {"type": "Feature", "properties": {"highway": "residential", "@id": "way/831603704"}, "geometry": {"type": "LineString", "coordinates": [[108.1904224, 15.9696036], [108.1905554, 15.9698517], [108.1906566, 15.9700539]]}}, {"type": "Feature", "properties": {"highway": "residential", "@id": "way/831603705"}, "geometry": {"type": "LineString", "coordinates": [[108.1928085, 15.9694283], [108.1928452, 15.9699494], [108.1928686, 15.9702396], [108.1928796, 15.9703389], [108.1929046, 15.9704862], [108.1929578, 15.9706577], [108.1930157, 15.9708607], [108.1930892, 15.9710471], [108.1932362, 15.9713313]]}}, {"type": "Feature", "properties": {"highway": "residential", "@id": "way/831603706"}, "geometry": {"type": "LineString", "coordinates": [[108.1913233, 15.970578], [108.1914047, 15.9705013], [108.1915016, 15.9704486], [108.1915939, 15.970387], [108.1919901, 15.9701916]]}}, {"type": "Feature", "properties": {"highway": "residential", "@id": "way/831603707"}, "geometry": {"type": "LineString", "coordinates": [[108.187972, 15.969904], [108.1882077, 15.9697584], [108.1884572, 15.969549], [108.1881071, 15.9691479], [108.1884857, 15.9688769]]}}, {"type": "Feature", "properties": {"highway": "residential", "@id": "way/831603708"}, "geometry": {"type": "LineString", "coordinates": [[108.1882227, 15.9702504], [108.1884016, 15.9701509], [108.188569, 15.9700532], [108.1887802, 15.9699494]]}}, {"type": "Feature", "properties": {"highway": "residential", "@id": "way/831603709"}, "geometry": {"type": "LineString", "coordinates": [[108.1858159, 15.970017], [108.1857349, 15.9698878], [108.1855816, 15.9698021], [108.1854753, 15.9697314], [108.1854518, 15.9697088], [108.1854362, 15.9696803], [108.185433, 15.9696336], [108.1854534, 15.9695524], [108.1855363, 15.9694697], [108.1856567, 15.9693239], [108.1857787, 15.969157], [108.1858819, 15.9690276], [108.1858866, 15.9690111], [108.1858819, 15.9689916], [108.1858663, 15.968969], [108.1857755, 15.9689337]]}}, {"type": "Feature", "properties": {"highway": "residential", "@id": "way/831603710"}, "geometry": {"type": "LineString", "coordinates": [[108.1858691, 15.9681686], [108.1858069, 15.9681931], [108.1857646, 15.9681916], [108.1857177, 15.9681675], [108.1856911, 15.968169], [108.1856653, 15.9681826], [108.1856454, 15.9682089], [108.1855519, 15.9684006], [108.1854659, 15.9686713], [108.1854483, 15.968779], [108.185426, 15.9688607], [108.1853853, 15.9689382], [108.1853689, 15.968951], [108.1853501, 15.968957], [108.1853329, 15.9689555], [108.1851226, 15.9688728], [108.1849669, 15.9688156], [108.1849122, 15.9687998], [108.1848934, 15.9687893], [108.1848848, 15.9687705], [108.1848887, 15.9687397], [108.1849036, 15.968681], [108.1849016, 15.9686703], [108.1848966, 15.9686615], [108.1848668, 15.9686434], [108.1848141, 15.9686216], [108.1848032, 15.9686062]]}}, {"type": "Feature", "properties": {"highway": "residential", "@id": "way/831603711"}, "geometry": {"type": "LineString", "coordinates": [[108.1840804, 15.9672167], [108.1841551, 15.9666223], [108.1841667, 15.9664614]]}}, {"type": "Feature", "properties": {"highway": "residential", "source": "digitalglobe", "@id": "way/831603712"}, "geometry": {"type": "LineString", "coordinates": [[108.1827078, 15.9677253], [108.1822957, 15.9677144]]}}, {"type": "Feature", "properties": {"highway": "residential", "source": "digitalglobe", "@id": "way/831603713"}, "geometry": {"type": "LineString", "coordinates": [[108.1837513, 15.9671107], [108.1835702, 15.9677044], [108.1835233, 15.9677525], [108.1834592, 15.967775], [108.1833841, 15.9677811], [108.1827557, 15.9677512]]}}, {"type": "Feature", "properties": {"highway": "residential", "source": "digitalglobe", "@id": "way/831641414"}, "geometry": {"type": "LineString", "coordinates": [[108.1952442, 15.9625879], [108.1950936, 15.9631144], [108.1950666, 15.9632597], [108.1950536, 15.9634052], [108.1950568, 15.9635571], [108.1950708, 15.9636668], [108.1951263, 15.9639434], [108.1951971, 15.9641333], [108.1953097, 15.9643756], [108.1953665, 15.9645225], [108.1954194, 15.9647644], [108.1954952, 15.9649969], [108.1956357, 15.9653418], [108.1958505, 15.9657328]]}}, {"type": "Feature", "properties": {"highway": "residential", "@id": "way/831641415"}, "geometry": {"type": "LineString", "coordinates": [[108.1935577, 15.9648838], [108.1937085, 15.9648307], [108.1938368, 15.9648007], [108.1939478, 15.9647826], [108.1940433, 15.9647706]]}}, {"type": "Feature", "properties": {"highway": "residential", "@id": "way/831641416"}, "geometry": {"type": "LineString", "coordinates": [[108.1950771, 15.9650292], [108.1951522, 15.9650322], [108.1952476, 15.9650307], [108.1953602, 15.9650217], [108.1954952, 15.9649969]]}}, {"type": "Feature", "properties": {"highway": "residential", "@id": "way/831641417"}, "geometry": {"type": "LineString", "coordinates": [[108.1948972, 15.9646894], [108.195099, 15.964733], [108.1951897, 15.9647616], [108.1953195, 15.9647736], [108.1954194, 15.9647644]]}}, {"type": "Feature", "properties": {"highway": "residential", "@id": "way/831641418"}, "geometry": {"type": "LineString", "coordinates": [[108.1944175, 15.9642824], [108.1945062, 15.9643525], [108.194586, 15.9643871], [108.1946986, 15.9644127], [108.1948925, 15.9644413], [108.1950067, 15.9644473], [108.1950927, 15.9644383], [108.1953097, 15.9643756]]}}, {"type": "Feature", "properties": {"highway": "residential", "@id": "way/831641419"}, "geometry": {"type": "LineString", "coordinates": [[108.1926436, 15.9656198], [108.1926497, 15.9654653], [108.1926246, 15.9652819], [108.1926059, 15.9651164], [108.1925746, 15.9650443], [108.1925277, 15.9648578]]}}, {"type": "Feature", "properties": {"highway": "service", "@id": "way/831641420"}, "geometry": {"type": "LineString", "coordinates": [[108.1876822, 15.9654473], [108.1876035, 15.9652362], [108.1875899, 15.9651618], [108.1875836, 15.9650715], [108.187604, 15.964533], [108.1876114, 15.9644744], [108.1876238, 15.9644247], [108.1876943, 15.9642312], [108.1877069, 15.9641837], [108.1877136, 15.9641263], [108.1877215, 15.9638507]]}}, {"type": "Feature", "properties": {"highway": "service", "@id": "way/831641421"}, "geometry": {"type": "LineString", "coordinates": [[108.1885797, 15.9642649], [108.1884606, 15.9643612], [108.1884496, 15.9643741], [108.188441, 15.9643905], [108.188425, 15.9644648], [108.1884184, 15.9644773], [108.1884067, 15.964489], [108.188335, 15.9645376], [108.1883234, 15.9645488], [108.188228, 15.9647014], [108.1882251, 15.9647166], [108.1882296, 15.9647435], [108.1883617, 15.9649298], [108.1883664, 15.9649681], [108.1883607, 15.9649852], [108.1883469, 15.9649998], [108.1876822, 15.9654473], [108.1876024, 15.9654728], [108.1873434, 15.9654935], [108.1865375, 15.96561]]}}, {"type": "Feature", "properties": {"highway": "residential", "@id": "way/831641422"}, "geometry": {"type": "LineString", "coordinates": [[108.1827475, 15.9642424], [108.1828648, 15.9642352], [108.1829526, 15.9642256], [108.1830309, 15.9642092], [108.1831721, 15.9641657]]}}, {"type": "Feature", "properties": {"highway": "residential", "@id": "way/831644833"}, "geometry": {"type": "LineString", "coordinates": [[108.1840413, 15.9504544], [108.1850827, 15.9506755], [108.1851609, 15.950692], [108.1851922, 15.950692], [108.185236, 15.9506755], [108.1853595, 15.9505191], [108.1854518, 15.950298], [108.1855801, 15.9500153], [108.185619, 15.9499472]]}}, {"type": "Feature", "properties": {"highway": "residential", "@id": "way/831644834"}, "geometry": {"type": "LineString", "coordinates": [[108.1837965, 15.9508194], [108.183883, 15.9509236], [108.1840269, 15.9510815], [108.1841286, 15.9511853], [108.1842756, 15.9513387], [108.1843601, 15.951477], [108.1844946, 15.9516996], [108.1846025, 15.9518906], [108.1847167, 15.9520876], [108.1848512, 15.952259], [108.1849935, 15.9524455], [108.1850254, 15.9524877], [108.1850519, 15.9525227]]}}, {"type": "Feature", "properties": {"highway": "residential", "@id": "way/831644835"}, "geometry": {"type": "LineString", "coordinates": [[108.1862839, 15.9583435], [108.1863214, 15.9583901], [108.1863511, 15.9584081], [108.1863918, 15.9584141], [108.1865169, 15.9583765], [108.1866859, 15.9582713], [108.1867406, 15.9582307], [108.1868282, 15.9581555], [108.1870007, 15.9580475]]}}, {"type": "Feature", "properties": {"highway": "residential", "@id": "way/831644836"}, "geometry": {"type": "LineString", "coordinates": [[108.1963905, 15.9571464], [108.196688, 15.9571406], [108.1967482, 15.9571275], [108.1967926, 15.9571095], [108.1968284, 15.9570822], [108.1968867, 15.95699]]}}, {"type": "Feature", "properties": {"highway": "residential", "@id": "way/831644837"}, "geometry": {"type": "LineString", "coordinates": [[108.1951234, 15.9560738], [108.1954118, 15.9559231], [108.1954329, 15.955905], [108.1954395, 15.9558862], [108.1954401, 15.9558668], [108.1954329, 15.95584], [108.1952563, 15.9554578], [108.1952443, 15.9554478], [108.195213, 15.9554423], [108.1951268, 15.9554621], [108.1951078, 15.9554613], [108.1950936, 15.9554559], [108.1950797, 15.955445], [108.1949401, 15.9552222], [108.1949147, 15.9552069], [108.1948889, 15.9551988], [108.1948597, 15.955199], [108.1948307, 15.9552108], [108.1946399, 15.9553968], [108.194622, 15.9554231]]}}, {"type": "Feature", "properties": {"highway": "residential", "@id": "way/831644838"}, "geometry": {"type": "LineString", "coordinates": [[108.1907181, 15.9594192], [108.1907728, 15.9593841], [108.1908588, 15.9593232], [108.1909417, 15.9592743], [108.1910136, 15.9592194], [108.1910301, 15.9592051], [108.1910363, 15.9591924], [108.1910395, 15.959169], [108.1910559, 15.9591397], [108.1911372, 15.9590728]]}}, {"type": "Feature", "properties": {"highway": "residential", "@id": "way/831644839"}, "geometry": {"type": "LineString", "coordinates": [[108.1913863, 15.9596583], [108.1913765, 15.9596683], [108.1912623, 15.9597179], [108.1910856, 15.9597841], [108.1908453, 15.9599144]]}}, {"type": "Feature", "properties": {"highway": "residential", "@id": "way/831644840"}, "geometry": {"type": "LineString", "coordinates": [[108.1907541, 15.9595434], [108.1908533, 15.9595104], [108.1910809, 15.9594713], [108.1911685, 15.9594487], [108.1912123, 15.9594412], [108.1912342, 15.959442], [108.1912678, 15.9594525], [108.1912983, 15.9594773], [108.1913882, 15.9596435], [108.1913863, 15.9596583]]}}, {"type": "Feature", "properties": {"highway": "residential", "@id": "way/831644841"}, "geometry": {"type": "LineString", "coordinates": [[108.1943825, 15.9602077], [108.194439, 15.9603029], [108.1947346, 15.9607089]]}}, {"type": "Feature", "properties": {"highway": "residential", "@id": "way/831644842"}, "geometry": {"type": "LineString", "coordinates": [[108.1948237, 15.9611164], [108.1947393, 15.9610382], [108.1946658, 15.9609736], [108.194622, 15.96093], [108.1945891, 15.9609134], [108.1945453, 15.9609119], [108.1945093, 15.9609315], [108.1944874, 15.9609661], [108.194464, 15.9611435]]}}, {"type": "Feature", "properties": {"highway": "residential", "@id": "way/831644843"}, "geometry": {"type": "LineString", "coordinates": [[108.1935513, 15.9603254], [108.1936546, 15.9605992], [108.1936761, 15.9606293], [108.1937053, 15.9606528], [108.1937375, 15.9606599], [108.1938364, 15.9606551], [108.1938603, 15.9606607], [108.1938705, 15.9606754], [108.1938775, 15.9606939], [108.1939385, 15.9609751]]}}, {"type": "Feature", "properties": {"highway": "residential", "@id": "way/831644844"}, "geometry": {"type": "LineString", "coordinates": [[108.1947477, 15.9616717], [108.1947314, 15.9612307], [108.1947381, 15.9611872], [108.1947575, 15.9611518], [108.1947847, 15.9611315], [108.1948237, 15.9611164], [108.194872, 15.9611074], [108.1949376, 15.961101], [108.1955154, 15.9610846]]}}, {"type": "Feature", "properties": {"highway": "residential", "@id": "way/833750261"}, "geometry": {"type": "LineString", "coordinates": [[108.1714793, 15.9721391], [108.1715345, 15.9719698]]}}, {"type": "Feature", "properties": {"highway": "service", "@id": "way/833750266"}, "geometry": {"type": "LineString", "coordinates": [[108.1773573, 15.9728741], [108.177411, 15.9729334], [108.1775612, 15.9730339], [108.1776336, 15.9730907], [108.1778938, 15.9733563], [108.1779769, 15.9734517], [108.1779876, 15.9734904], [108.1779729, 15.9737991], [108.1779809, 15.9738146], [108.177995, 15.9738288], [108.1780185, 15.9738352], [108.1781258, 15.9738204], [108.1782921, 15.9738243], [108.1783605, 15.9738539]]}}, {"type": "Feature", "properties": {"highway": "service", "@id": "way/833750267"}, "geometry": {"type": "LineString", "coordinates": [[108.1783926, 15.9726085], [108.1784087, 15.9727503], [108.1783953, 15.9732583], [108.1783605, 15.9738539], [108.1783578, 15.9739349]]}}, {"type": "Feature", "properties": {"highway": "residential", "@id": "way/833750270"}, "geometry": {"type": "LineString", "coordinates": [[108.168451, 15.9730275], [108.1685288, 15.9728612], [108.1685409, 15.972847], [108.1685624, 15.972838], [108.1685825, 15.9728431], [108.1687796, 15.9729437]]}}, {"type": "Feature", "properties": {"highway": "service", "@id": "way/833750271"}, "geometry": {"type": "LineString", "coordinates": [[108.1679723, 15.973548], [108.1681801, 15.973649]]}}, {"type": "Feature", "properties": {"highway": "service", "@id": "way/833750272"}, "geometry": {"type": "LineString", "coordinates": [[108.1678543, 15.9746144], [108.1680876, 15.9742949]]}}, {"type": "Feature", "properties": {"highway": "service", "@id": "way/833750273"}, "geometry": {"type": "LineString", "coordinates": [[108.167991, 15.9746662], [108.1681251, 15.9744909]]}}, {"type": "Feature", "properties": {"highway": "service", "@id": "way/833750278"}, "geometry": {"type": "LineString", "coordinates": [[108.1692323, 15.9722739], [108.1692242, 15.97231], [108.1691545, 15.9725014]]}}, {"type": "Feature", "properties": {"highway": "residential", "@id": "way/833750279"}, "geometry": {"type": "LineString", "coordinates": [[108.1705204, 15.9720647], [108.1708395, 15.9721727]]}}, {"type": "Feature", "properties": {"highway": "residential", "@id": "way/833750280"}, "geometry": {"type": "LineString", "coordinates": [[108.1710085, 15.9720618], [108.1711495, 15.9717586]]}}, {"type": "Feature", "properties": {"highway": "residential", "@id": "way/833750281"}, "geometry": {"type": "LineString", "coordinates": [[108.1716968, 15.9719967], [108.1716603, 15.9721649]]}}, {"type": "Feature", "properties": {"highway": "residential", "@id": "way/833750285"}, "geometry": {"type": "LineString", "coordinates": [[108.1715128, 15.9747642], [108.1714243, 15.9750195]]}}, {"type": "Feature", "properties": {"highway": "residential", "source": "digitalglobe", "@id": "way/833750286"}, "geometry": {"type": "LineString", "coordinates": [[108.1733186, 15.9757724], [108.1731181, 15.9756022], [108.1730611, 15.9755481], [108.1730068, 15.9754853], [108.1728298, 15.97523], [108.1727976, 15.9752032], [108.1727519, 15.975182], [108.172481, 15.9751088], [108.1720397, 15.9748405], [108.1719701, 15.9748138], [108.1718795, 15.9747955], [108.1715128, 15.9747642], [108.1712609, 15.9747677]]}}, {"type": "Feature", "properties": {"highway": "residential", "@id": "way/833750293"}, "geometry": {"type": "LineString", "coordinates": [[108.1760444, 15.9727922], [108.1761396, 15.9728934], [108.1762207, 15.9729849], [108.1763369, 15.9731438]]}}, {"type": "Feature", "properties": {"highway": "residential", "@id": "way/833750298"}, "geometry": {"type": "LineString", "coordinates": [[108.1699088, 15.9735368], [108.1699732, 15.9735806], [108.1700709, 15.9736318]]}}, {"type": "Feature", "properties": {"highway": "residential", "@id": "way/833750299"}, "geometry": {"type": "LineString", "coordinates": [[108.1700823, 15.9736122], [108.1702374, 15.9736348]]}}, {"type": "Feature", "properties": {"highway": "residential", "@id": "way/833750301"}, "geometry": {"type": "LineString", "coordinates": [[108.1820511, 15.9716466], [108.1818701, 15.9715834], [108.1817695, 15.9715383]]}}, {"type": "Feature", "properties": {"highway": "residential", "@id": "way/833750303"}, "geometry": {"type": "LineString", "coordinates": [[108.170975, 15.9727735], [108.1709093, 15.9729308], [108.1708986, 15.9729501], [108.1708771, 15.9729527], [108.1707631, 15.9729089]]}}, {"type": "Feature", "properties": {"highway": "residential", "source": "digitalglobe", "@id": "way/834108127"}, "geometry": {"type": "LineString", "coordinates": [[108.1700081, 15.9631129], [108.1701097, 15.9629533], [108.170174, 15.9627883]]}}, {"type": "Feature", "properties": {"highway": "residential", "source": "digitalglobe", "@id": "way/834108129"}, "geometry": {"type": "LineString", "coordinates": [[108.1787601, 15.9624212], [108.1789821, 15.9624831], [108.1790297, 15.9625044], [108.1790645, 15.9625318], [108.179092, 15.962562], [108.1794083, 15.962983]]}}, {"type": "Feature", "properties": {"highway": "residential", "source": "digitalglobe", "@id": "way/834108130"}, "geometry": {"type": "LineString", "coordinates": [[108.1765358, 15.9607327], [108.1766759, 15.9612424]]}}, {"type": "Feature", "properties": {"highway": "residential", "source": "digitalglobe", "@id": "way/834108131"}, "geometry": {"type": "LineString", "coordinates": [[108.1796274, 15.9562148], [108.1797659, 15.9567594], [108.1797956, 15.9568907], [108.1798908, 15.9573123], [108.1799644, 15.9578064], [108.1801246, 15.958489], [108.1801724, 15.9586078], [108.1802759, 15.9587591], [108.1803065, 15.9588384], [108.180538, 15.9586155]]}}, {"type": "Feature", "properties": {"highway": "residential", "source": "digitalglobe", "@id": "way/834108132"}, "geometry": {"type": "LineString", "coordinates": [[108.1803065, 15.9588384], [108.1803214, 15.959371], [108.1803272, 15.9594462], [108.1803399, 15.9595084], [108.1803726, 15.9596206], [108.180619, 15.9606719], [108.1806849, 15.9609731]]}}, {"type": "Feature", "properties": {"highway": "track", "source": "digitalglobe", "surface": "unpaved", "@id": "way/834108133"}, "geometry": {"type": "LineString", "coordinates": [[108.1668264, 15.956135], [108.1697561, 15.956981]]}}, {"type": "Feature", "properties": {"bridge": "yes", "highway": "residential", "layer": "1", "@id": "way/834133736"}, "geometry": {"type": "LineString", "coordinates": [[108.1733528, 15.9704991], [108.1730537, 15.9704062]]}}, {"type": "Feature", "properties": {"highway": "residential", "@id": "way/834133748"}, "geometry": {"type": "LineString", "coordinates": [[108.171486, 15.9677554], [108.1720167, 15.9679114], [108.1719721, 15.9680673], [108.1719553, 15.968137], [108.171946, 15.9682118], [108.1719453, 15.9682814], [108.171958, 15.9684445], [108.1720333, 15.9694147], [108.1720271, 15.969437], [108.1720105, 15.9694548], [108.1719097, 15.9694962], [108.1718852, 15.9695132], [108.1718752, 15.9695366], [108.1718075, 15.9700457]]}}, {"type": "Feature", "properties": {"highway": "residential", "@id": "way/834133749"}, "geometry": {"type": "LineString", "coordinates": [[108.1758726, 15.9674378], [108.1761637, 15.9674691], [108.1761919, 15.9674743], [108.1761986, 15.967491], [108.1762026, 15.9675323], [108.1762187, 15.9675516], [108.1763059, 15.9675942]]}}, {"type": "Feature", "properties": {"highway": "primary_link", "lanes": "2", "lit": "no", "sidewalk": "no", "smoothness": "good", "source": "Bing", "surface": "asphalt", "@id": "way/834133750"}, "geometry": {"type": "LineString", "coordinates": [[108.1766209, 15.9651495], [108.176692, 15.9649652]]}}, {"type": "Feature", "properties": {"highway": "unclassified", "lanes": "2", "lit": "no", "sidewalk": "no", "smoothness": "good", "source": "Bing", "surface": "asphalt", "@id": "way/834133751"}, "geometry": {"type": "LineString", "coordinates": [[108.1765, 15.9655147], [108.1765921, 15.9652366], [108.1766209, 15.9651495]]}}, {"type": "Feature", "properties": {"highway": "residential", "@id": "way/834133752"}, "geometry": {"type": "LineString", "coordinates": [[108.1770001, 15.9653994], [108.1770257, 15.9652331]]}}, {"type": "Feature", "properties": {"highway": "residential", "@id": "way/834133753"}, "geometry": {"type": "LineString", "coordinates": [[108.1765921, 15.9652366], [108.1768557, 15.9653391], [108.1770001, 15.9653994], [108.1773251, 15.9655351]]}}, {"type": "Feature", "properties": {"highway": "residential", "@id": "way/834133754"}, "geometry": {"type": "LineString", "coordinates": [[108.1782853, 15.9646137], [108.1784825, 15.9645964], [108.1785013, 15.9647305]]}}, {"type": "Feature", "properties": {"highway": "residential", "@id": "way/834133755"}, "geometry": {"type": "LineString", "coordinates": [[108.178135, 15.9647921], [108.1782451, 15.9648156], [108.178276, 15.9648195], [108.1783095, 15.9648182], [108.1783216, 15.9647911], [108.1782853, 15.9646137], [108.1782746, 15.9645616], [108.1782585, 15.9644829]]}}, {"type": "Feature", "properties": {"highway": "residential", "@id": "way/834133756"}, "geometry": {"type": "LineString", "coordinates": [[108.1782746, 15.9645616], [108.1782639, 15.9645964], [108.178135, 15.9647921], [108.178111, 15.9648285], [108.1780842, 15.9648697], [108.1780601, 15.9649626], [108.1779968, 15.9652464]]}}, {"type": "Feature", "properties": {"highway": "residential", "@id": "way/834133757"}, "geometry": {"type": "LineString", "coordinates": [[108.1780301, 15.9636526], [108.1780386, 15.9637944], [108.1781459, 15.9641477], [108.1781657, 15.9641951]]}}, {"type": "Feature", "properties": {"highway": "residential", "@id": "way/834133758"}, "geometry": {"type": "LineString", "coordinates": [[108.1738999, 15.9578941], [108.1739938, 15.9579637], [108.1742727, 15.9580125]]}}, {"type": "Feature", "properties": {"highway": "residential", "@id": "way/834133762"}, "geometry": {"type": "LineString", "coordinates": [[108.1683915, 15.9506364], [108.1685141, 15.9506268], [108.168624, 15.95065], [108.1688037, 15.9506758]]}}, {"type": "Feature", "properties": {"highway": "residential", "@id": "way/834133781"}, "geometry": {"type": "LineString", "coordinates": [[108.1738348, 15.9689583], [108.1738758, 15.9692626], [108.1739187, 15.9694973], [108.1739147, 15.9698067]]}}, {"type": "Feature", "properties": {"highway": "residential", "source": "digitalglobe", "@id": "way/834133782"}, "geometry": {"type": "LineString", "coordinates": [[108.1822202, 15.9612888], [108.1819385, 15.9622214], [108.1819118, 15.962338], [108.1818982, 15.9624337], [108.1819183, 15.9630481]]}}, {"type": "Feature", "properties": {"highway": "residential", "@id": "way/834133783"}, "geometry": {"type": "LineString", "coordinates": [[108.1812599, 15.9595007], [108.1816193, 15.9597096], [108.1817186, 15.959787], [108.1817669, 15.9598411], [108.1818554, 15.9599133], [108.1819385, 15.9599546], [108.1821752, 15.9600527]]}}, {"type": "Feature", "properties": {"highway": "residential", "@id": "way/834133784"}, "geometry": {"type": "LineString", "coordinates": [[108.1809564, 15.959744], [108.1810158, 15.9595445], [108.1809944, 15.9595188], [108.1809193, 15.9595007], [108.1807128, 15.959413], [108.1805921, 15.9593821], [108.1805035, 15.9593821], [108.1804338, 15.959413], [108.1804016, 15.9594465], [108.1804088, 15.9596129]]}}, {"type": "Feature", "properties": {"highway": "residential", "@id": "way/834133785"}, "geometry": {"type": "LineString", "coordinates": [[108.1798908, 15.9573123], [108.1802863, 15.9573783]]}}, {"type": "Feature", "properties": {"highway": "residential", "@id": "way/834133786"}, "geometry": {"type": "LineString", "coordinates": [[108.1796274, 15.9562148], [108.1795567, 15.9559651], [108.1794226, 15.95547], [108.1794012, 15.9552482], [108.1792885, 15.954882], [108.179149, 15.9543559], [108.1790256, 15.9537421], [108.1789398, 15.9531954], [108.178972, 15.9524784], [108.1789988, 15.9521896], [108.17909, 15.9516996], [108.1791624, 15.9514856], [108.1793234, 15.9510368], [108.1794307, 15.9507867], [108.1797901, 15.9499794], [108.180241, 15.9491278]]}}, {"type": "Feature", "properties": {"highway": "residential", "@id": "way/834133787"}, "geometry": {"type": "LineString", "coordinates": [[108.1818906, 15.9555752], [108.1819519, 15.9555035], [108.1823248, 15.9551063]]}}, {"type": "Feature", "properties": {"highway": "residential", "source": "digitalglobe", "@id": "way/834133788"}, "geometry": {"type": "LineString", "coordinates": [[108.1822703, 15.9561822], [108.1821679, 15.956075], [108.1820756, 15.9559518], [108.1819343, 15.9557033], [108.1818906, 15.9555752]]}}, {"type": "Feature", "properties": {"highway": "residential", "source": "digitalglobe", "@id": "way/834133789"}, "geometry": {"type": "LineString", "coordinates": [[108.1772035, 15.9594513], [108.177712, 15.9592945]]}}, {"type": "Feature", "properties": {"highway": "residential", "@id": "way/834133791"}, "geometry": {"type": "LineString", "coordinates": [[108.1687796, 15.9680739], [108.1689915, 15.9679926]]}}, {"type": "Feature", "properties": {"highway": "service", "@id": "way/834133792"}, "geometry": {"type": "LineString", "coordinates": [[108.1815066, 15.9707613], [108.1818634, 15.9706744], [108.1818956, 15.9706693], [108.1819224, 15.9706848], [108.1821074, 15.9713064]]}}, {"type": "Feature", "properties": {"highway": "residential", "@id": "way/834133793"}, "geometry": {"type": "LineString", "coordinates": [[108.173558, 15.9686979], [108.1737028, 15.9686876], [108.1738959, 15.968703], [108.1740158, 15.9686964]]}}, {"type": "Feature", "properties": {"highway": "residential", "source": "digitalglobe", "@id": "way/834133794"}, "geometry": {"type": "LineString", "coordinates": [[108.175669, 15.9682361], [108.1751546, 15.9681389], [108.1751146, 15.9681368], [108.1750764, 15.9681422], [108.1750399, 15.9681544], [108.1750208, 15.9681721], [108.1749728, 15.9683205], [108.1749593, 15.9683299], [108.1749406, 15.9683343], [108.1747878, 15.9683333], [108.174716, 15.9683378], [108.1746236, 15.9683521], [108.1740722, 15.9684643]]}}, {"type": "Feature", "properties": {"highway": "residential", "@id": "way/834133795"}, "geometry": {"type": "LineString", "coordinates": [[108.1769372, 15.9524022], [108.1771776, 15.9524217], [108.1772896, 15.9524241], [108.177419, 15.9524269], [108.1775638, 15.9524269], [108.1777167, 15.9524191], [108.177942, 15.9524011], [108.178331, 15.952383], [108.1784838, 15.952383], [108.1787149, 15.9523823]]}}, {"type": "Feature", "properties": {"highway": "residential", "source": "digitalglobe", "@id": "way/834133796"}, "geometry": {"type": "LineString", "coordinates": [[108.1704569, 15.967517], [108.171486, 15.9677554]]}}, {"type": "Feature", "properties": {"highway": "residential", "@id": "way/834133797"}, "geometry": {"type": "LineString", "coordinates": [[108.1702883, 15.9679797], [108.1705123, 15.9680184]]}}, {"type": "Feature", "properties": {"highway": "residential", "source": "digitalglobe", "@id": "way/834133798"}, "geometry": {"type": "LineString", "coordinates": [[108.1702883, 15.9679797], [108.1703203, 15.9677626], [108.1703454, 15.9676902], [108.170382, 15.9676194], [108.1704399, 15.9675439], [108.1704569, 15.967517]]}}, {"type": "Feature", "properties": {"highway": "residential", "@id": "way/834133799"}, "geometry": {"type": "LineString", "coordinates": [[108.1693415, 15.9674317], [108.1692879, 15.9672557]]}}, {"type": "Feature", "properties": {"highway": "residential", "@id": "way/834133800"}, "geometry": {"type": "LineString", "coordinates": [[108.1697948, 15.9673737], [108.1697734, 15.9674885], [108.1697586, 15.9675039], [108.169709, 15.9675091], [108.1696071, 15.9674846], [108.169591, 15.9674962], [108.1695802, 15.9675233], [108.1695481, 15.9677321]]}}, {"type": "Feature", "properties": {"highway": "residential", "@id": "way/837012101"}, "geometry": {"type": "LineString", "coordinates": [[108.197557, 15.9749692], [108.1977287, 15.9755449]]}}, {"type": "Feature", "properties": {"highway": "residential", "@id": "way/837012102"}, "geometry": {"type": "LineString", "coordinates": [[108.2001775, 15.973061], [108.2001185, 15.97311], [108.2000676, 15.9732441], [108.1999281, 15.9734542], [108.1998906, 15.9735265], [108.199846, 15.9736429]]}}, {"type": "Feature", "properties": {"highway": "residential", "@id": "way/837042521"}, "geometry": {"type": "LineString", "coordinates": [[108.1856033, 15.974721], [108.1857432, 15.9746288], [108.185817, 15.9745811], [108.1858854, 15.9745502], [108.1859578, 15.9745218], [108.1860235, 15.974505], [108.1860691, 15.9744999], [108.1861348, 15.9745063], [108.1861858, 15.9745283], [108.186222, 15.9745515], [108.186277, 15.9746585], [108.1863696, 15.9748547]]}}, {"type": "Feature", "properties": {"highway": "residential", "@id": "way/894934626"}, "geometry": {"type": "LineString", "coordinates": [[108.1781602, 15.961376], [108.1783779, 15.9613291], [108.1784745, 15.961311], [108.1785361, 15.9613046], [108.1787024, 15.9612943], [108.1789397, 15.9612975]]}}, {"type": "Feature", "properties": {"highway": "residential", "@id": "way/894935445"}, "geometry": {"type": "LineString", "coordinates": [[108.182131, 15.9612693], [108.1821813, 15.9610776], [108.1822121, 15.9610106], [108.182247, 15.9609564], [108.1822993, 15.9608946], [108.1823207, 15.9608649], [108.1824294, 15.9606354]]}}, {"type": "Feature", "properties": {"highway": "residential", "@id": "way/894936743"}, "geometry": {"type": "LineString", "coordinates": [[108.1797956, 15.9568907], [108.1801669, 15.9568999]]}}, {"type": "Feature", "properties": {"highway": "residential", "@id": "way/894937174"}, "geometry": {"type": "LineString", "coordinates": [[108.1822993, 15.9608946], [108.1824803, 15.9609436]]}}, {"type": "Feature", "properties": {"highway": "residential", "@id": "way/894938982"}, "geometry": {"type": "LineString", "coordinates": [[108.1881853, 15.9512471], [108.1878555, 15.9514868]]}}, {"type": "Feature", "properties": {"highway": "residential", "@id": "way/894939598"}, "geometry": {"type": "LineString", "coordinates": [[108.1867263, 15.9552778], [108.1874921, 15.9551924]]}}, {"type": "Feature", "properties": {"highway": "residential", "@id": "way/895413684"}, "geometry": {"type": "LineString", "coordinates": [[108.1931796, 15.96237], [108.1933513, 15.9623645], [108.193928, 15.9622549]]}}, {"type": "Feature", "properties": {"highway": "residential", "@id": "way/895415523"}, "geometry": {"type": "LineString", "coordinates": [[108.1959524, 15.966465], [108.1960195, 15.9661881], [108.1960863, 15.9659519]]}}, {"type": "Feature", "properties": {"highway": "residential", "@id": "way/895417019"}, "geometry": {"type": "LineString", "coordinates": [[108.1942338, 15.9663332], [108.1943621, 15.966138]]}}, {"type": "Feature", "properties": {"highway": "residential", "@id": "way/895418603"}, "geometry": {"type": "LineString", "coordinates": [[108.1936118, 15.9660542], [108.1935974, 15.9661495], [108.1935894, 15.9662823], [108.1935639, 15.9663564], [108.1934727, 15.9665324], [108.1934573, 15.9665659], [108.1934486, 15.9665924], [108.1934519, 15.9666091], [108.193462, 15.9666285], [108.1935344, 15.9666826], [108.1936256, 15.9667503]]}}, {"type": "Feature", "properties": {"highway": "residential", "@id": "way/895420132"}, "geometry": {"type": "LineString", "coordinates": [[108.1977354, 15.974144], [108.1977716, 15.9741969], [108.1978051, 15.9742311], [108.1978413, 15.9742549], [108.1980237, 15.97438], [108.1980432, 15.9743993], [108.198064, 15.9744199], [108.1980888, 15.9745043]]}}, {"type": "Feature", "properties": {"highway": "residential", "@id": "way/895425181"}, "geometry": {"type": "LineString", "coordinates": [[108.1785488, 15.9634779], [108.1788943, 15.9638303]]}}, {"type": "Feature", "properties": {"highway": "service", "@id": "way/895425762"}, "geometry": {"type": "LineString", "coordinates": [[108.1817605, 15.9692528], [108.1810494, 15.9693193]]}}, {"type": "Feature", "properties": {"highway": "residential", "@id": "way/895446556"}, "geometry": {"type": "LineString", "coordinates": [[108.1815308, 15.9745561], [108.1813753, 15.9748441], [108.1811741, 15.9753057], [108.1810346, 15.9756409], [108.1809863, 15.9757106], [108.1809488, 15.9757595], [108.1809086, 15.9758446], [108.1808737, 15.9759581], [108.1808495, 15.9761592]]}}, {"type": "Feature", "properties": {"highway": "primary_link", "oneway": "yes", "@id": "way/895451075"}, "geometry": {"type": "LineString", "coordinates": [[108.1801514, 15.9657264], [108.1803346, 15.9657078], [108.180407, 15.9656743], [108.180429, 15.9656573], [108.1804553, 15.9656369], [108.1804955, 15.965575], [108.1805237, 15.9655003]]}}, {"type": "Feature", "properties": {"highway": "service", "@id": "way/895452813"}, "geometry": {"type": "LineString", "coordinates": [[108.199385, 15.9581713], [108.1993514, 15.9581159], [108.1992951, 15.958054], [108.1992616, 15.9579611], [108.1992093, 15.9577381], [108.1991664, 15.957533], [108.1991208, 15.9573538], [108.1990926, 15.9572481], [108.1990269, 15.957163], [108.1989451, 15.9570727], [108.1988579, 15.9569966], [108.1986916, 15.9567826], [108.1985454, 15.9565608], [108.1984006, 15.9563842], [108.1982397, 15.9561714], [108.1980439, 15.9559135], [108.1978762, 15.9556595], [108.1975865, 15.9552636], [108.197376, 15.9549361], [108.1971601, 15.9546731], [108.1970166, 15.9545042], [108.1969267, 15.954352], [108.1968757, 15.9542746], [108.1967765, 15.9541908], [108.196578, 15.9540155], [108.1964278, 15.9538749], [108.1963742, 15.9537898], [108.1962991, 15.953648], [108.196232, 15.9534726], [108.1961811, 15.953293]]}}, {"type": "Feature", "properties": {"highway": "residential", "@id": "way/895522207"}, "geometry": {"type": "LineString", "coordinates": [[108.1705914, 15.9746572], [108.1707738, 15.9746482], [108.170855, 15.9746488], [108.1709374, 15.9746598], [108.1710206, 15.9746804], [108.171097, 15.97471], [108.1711815, 15.9747487], [108.1712201, 15.9747619], [108.1712609, 15.9747677]]}}, {"type": "Feature", "properties": {"highway": "residential", "@id": "way/895523196"}, "geometry": {"type": "LineString", "coordinates": [[108.1745739, 15.9736257], [108.174773, 15.9737057], [108.1749433, 15.9737907]]}}, {"type": "Feature", "properties": {"highway": "residential", "@id": "way/895524809"}, "geometry": {"type": "LineString", "coordinates": [[108.1737271, 15.9706848], [108.1738195, 15.9704359], [108.1739268, 15.9702309], [108.1739804, 15.9700169], [108.1739858, 15.9699679], [108.1739841, 15.9699502], [108.1739791, 15.9699337], [108.1739704, 15.9699205], [108.1739576, 15.9699086], [108.1739355, 15.9698957], [108.1739264, 15.9698844], [108.1739214, 15.9698731], [108.1739137, 15.9698557], [108.1739113, 15.9698383], [108.1739147, 15.9698067]]}}, {"type": "Feature", "properties": {"highway": "residential", "@id": "way/895525319"}, "geometry": {"type": "LineString", "coordinates": [[108.1736827, 15.9742175], [108.1735473, 15.9748315]]}}, {"type": "Feature", "properties": {"highway": "tertiary", "lanes": "2", "layer": "-1", "lit": "no", "sidewalk": "no", "smoothness": "good", "source": "Bing", "surface": "asphalt", "tunnel": "yes", "@id": "way/896562018"}, "geometry": {"type": "LineString", "coordinates": [[108.1691846, 15.9591407], [108.1687769, 15.9592248]]}}, {"type": "Feature", "properties": {"highway": "tertiary", "lanes": "2", "lit": "no", "sidewalk": "no", "smoothness": "good", "source": "Bing", "surface": "asphalt", "@id": "way/896562019"}, "geometry": {"type": "LineString", "coordinates": [[108.1687769, 15.9592248], [108.1683157, 15.9593311]]}}, {"type": "Feature", "properties": {"highway": "unclassified", "@id": "way/903290325"}, "geometry": {"type": "LineString", "coordinates": [[108.1850254, 15.9524877], [108.1824086, 15.9534671], [108.1822361, 15.9540181], [108.1822669, 15.9544565], [108.1818787, 15.9549364]]}}, {"type": "Feature", "properties": {"highway": "residential", "@id": "way/903996155"}, "geometry": {"type": "LineString", "coordinates": [[108.1864724, 15.9519594], [108.1866378, 15.9520413], [108.1866907, 15.9520781], [108.1867363, 15.9521155], [108.1869517, 15.9523352], [108.1869616, 15.9523524], [108.1869631, 15.9523714], [108.1869301, 15.9524462]]}}, {"type": "Feature", "properties": {"highway": "residential", "@id": "way/903996156"}, "geometry": {"type": "LineString", "coordinates": [[108.1863462, 15.9522902], [108.187024, 15.952882]]}}, {"type": "Feature", "properties": {"highway": "residential", "@id": "way/904924325"}, "geometry": {"type": "LineString", "coordinates": [[108.1849374, 15.9667074], [108.1849525, 15.9664852]]}}, {"type": "Feature", "properties": {"highway": "residential", "@id": "way/904926329"}, "geometry": {"type": "LineString", "coordinates": [[108.1816724, 15.9662043], [108.181791, 15.966916]]}}, {"type": "Feature", "properties": {"highway": "residential", "@id": "way/904927070"}, "geometry": {"type": "LineString", "coordinates": [[108.1846011, 15.9658032], [108.1846811, 15.9658303], [108.1847133, 15.9658348], [108.1847475, 15.9658368], [108.1847844, 15.9658477]]}}, {"type": "Feature", "properties": {"highway": "residential", "@id": "way/904927803"}, "geometry": {"type": "LineString", "coordinates": [[108.1816157, 15.9659819], [108.1814404, 15.965294]]}}, {"type": "Feature", "properties": {"highway": "service", "@id": "way/905033078"}, "geometry": {"type": "LineString", "coordinates": [[108.1955011, 15.9530858], [108.1955474, 15.9530832], [108.1955688, 15.9530871], [108.1956071, 15.9530987], [108.1956406, 15.9531277], [108.19566, 15.9531599], [108.1957506, 15.9533862], [108.1957915, 15.9534739], [108.1958156, 15.9535094], [108.1958588, 15.9535424]]}}, {"type": "Feature", "properties": {"highway": "residential", "@id": "way/905301270"}, "geometry": {"type": "LineString", "coordinates": [[108.1822476, 15.9751405], [108.1822912, 15.9749653], [108.1823006, 15.9748777], [108.1823033, 15.9747384], [108.1822971, 15.9745409]]}}, {"type": "Feature", "properties": {"highway": "residential", "@id": "way/905301272"}, "geometry": {"type": "LineString", "coordinates": [[108.1870785, 15.9744821], [108.1869878, 15.9742846], [108.1869784, 15.974242], [108.1869623, 15.9740667], [108.1869328, 15.9739816], [108.186914, 15.9739171], [108.1868738, 15.9738398], [108.1867236, 15.9736954]]}}, {"type": "Feature", "properties": {"highway": "residential", "source": "digitalglobe", "@id": "way/905311851"}, "geometry": {"type": "LineString", "coordinates": [[108.171486, 15.9677554], [108.1714109, 15.9679346]]}}, {"type": "Feature", "properties": {"highway": "residential", "@id": "way/905311856"}, "geometry": {"type": "LineString", "coordinates": [[108.1709763, 15.9682698], [108.1713673, 15.9682952], [108.1713854, 15.9683049], [108.1713964, 15.9683172], [108.1714017, 15.968339], [108.1714132, 15.9685286], [108.1714201, 15.9685432], [108.1714342, 15.9685523], [108.1714521, 15.9685526], [108.171958, 15.9684445]]}}, {"type": "Feature", "properties": {"highway": "residential", "@id": "way/905311857"}, "geometry": {"type": "LineString", "coordinates": [[108.1731489, 15.9680526], [108.1720167, 15.9679114]]}}, {"type": "Feature", "properties": {"bridge": "yes", "highway": "residential", "layer": "1", "@id": "way/905311858"}, "geometry": {"type": "LineString", "coordinates": [[108.1733407, 15.9680596], [108.1731489, 15.9680526]]}}, {"type": "Feature", "properties": {"highway": "residential", "@id": "way/905311859"}, "geometry": {"type": "LineString", "coordinates": [[108.1741115, 15.968066], [108.1735764, 15.9681364], [108.1735394, 15.9681377], [108.1735045, 15.9681301], [108.1733407, 15.9680596]]}}, {"type": "Feature", "properties": {"highway": "service", "@id": "way/905318320"}, "geometry": {"type": "LineString", "coordinates": [[108.186758, 15.9572596], [108.1866673, 15.9572932], [108.1866284, 15.9573164], [108.1865962, 15.9573448], [108.1865734, 15.9573861], [108.1865466, 15.9574338], [108.1864674, 15.9575434], [108.1863776, 15.9576517], [108.1862341, 15.9578322], [108.1861912, 15.9578915], [108.1861389, 15.9579534], [108.1860383, 15.958045], [108.1859699, 15.9580939], [108.1859149, 15.9581404], [108.1858867, 15.9581623], [108.1858706, 15.9581691], [108.1858566, 15.9581707], [108.1858368, 15.95817], [108.185809, 15.9581645], [108.1856755, 15.958141], [108.1855079, 15.9581094], [108.185469, 15.9581056], [108.1853986, 15.958101], [108.1853168, 15.9581049], [108.1852303, 15.9581165], [108.1851659, 15.9581313], [108.185123, 15.9581558], [108.1850687, 15.9582023], [108.1850284, 15.9582442], [108.1850123, 15.9582712], [108.1850043, 15.9583022], [108.1849989, 15.9583518], [108.1849875, 15.9584253], [108.1849788, 15.9584531], [108.184948, 15.9584975], [108.1849037, 15.9585498], [108.1848742, 15.958573], [108.1848454, 15.9585807], [108.1848199, 15.9585833], [108.1847844, 15.9585775], [108.1847408, 15.9585498], [108.1846744, 15.9584988], [108.1844866, 15.9583028]]}}, {"type": "Feature", "properties": {"highway": "service", "@id": "way/905329477"}, "geometry": {"type": "LineString", "coordinates": [[108.1756394, 15.9570572], [108.1754358, 15.9567034]]}}, {"type": "Feature", "properties": {"highway": "residential", "@id": "way/906031526"}, "geometry": {"type": "LineString", "coordinates": [[108.1731838, 15.9742614], [108.1739214, 15.9737895]]}}, {"type": "Feature", "properties": {"highway": "residential", "@id": "way/906031527"}, "geometry": {"type": "LineString", "coordinates": [[108.1745739, 15.9736257], [108.1745269, 15.9736219], [108.1744672, 15.973627], [108.1739214, 15.9737895], [108.1738985, 15.9733312], [108.1738912, 15.9732831], [108.1738696, 15.97323], [108.1737186, 15.9729427], [108.1737159, 15.9729156], [108.1737303, 15.9728918], [108.1738361, 15.9728254], [108.1738463, 15.9728126], [108.1738516, 15.9727952], [108.1738814, 15.9725408], [108.1738892, 15.972525], [108.1739062, 15.9725148], [108.1740434, 15.972486]]}}, {"type": "Feature", "properties": {"highway": "residential", "source": "digitalglobe", "@id": "way/906034901"}, "geometry": {"type": "LineString", "coordinates": [[108.1708154, 15.9716079], [108.1699548, 15.9713323], [108.1698545, 15.9713143], [108.1697421, 15.971313], [108.1695818, 15.9713209]]}}, {"type": "Feature", "properties": {"highway": "residential", "@id": "way/1111929118"}, "geometry": {"type": "LineString", "coordinates": [[108.1761294, 15.957694], [108.1760444, 15.9575782], [108.17598, 15.9574828], [108.1759573, 15.9574599]]}}, {"type": "Feature", "properties": {"highway": "residential", "@id": "way/1111929119"}, "geometry": {"type": "LineString", "coordinates": [[108.1757668, 15.9557111], [108.1758016, 15.9558439], [108.1758244, 15.9559058], [108.175858, 15.955938], [108.1759143, 15.9559574], [108.175972, 15.9559651], [108.1760551, 15.9559574], [108.1761534, 15.9559706], [108.1762898, 15.9559432], [108.1764145, 15.9559238], [108.1765124, 15.9559161]]}}, {"type": "Feature", "properties": {"highway": "residential", "@id": "way/1111929120"}, "geometry": {"type": "LineString", "coordinates": [[108.1767695, 15.9562162], [108.1768973, 15.9561469], [108.1770234, 15.9560747], [108.1771052, 15.9560541], [108.1771696, 15.9560463], [108.1772527, 15.956018], [108.1773801, 15.9559754], [108.1774901, 15.9559445], [108.1775719, 15.9559161], [108.1776698, 15.9558761], [108.1777985, 15.9557936]]}}, {"type": "Feature", "properties": {"highway": "residential", "name": "\u0110\u01b0\u1eddng La B\u00f4ng 6", "@id": "way/1125189023"}, "geometry": {"type": "LineString", "coordinates": [[108.1785617, 15.968024], [108.1791288, 15.9680195], [108.1796998, 15.9680128]]}}, {"type": "Feature", "properties": {"highway": "secondary", "lanes": "4", "name": "\u0110\u01b0\u1eddng t\u1ec9nh 605", "ref": "\u0110T.605", "source": "landsat", "surface": "asphalt", "@id": "way/1282340729"}, "geometry": {"type": "LineString", "coordinates": [[108.1787149, 15.9523823], [108.1787864, 15.9517659], [108.1788228, 15.9515526], [108.1788744, 15.9513241], [108.1789272, 15.9511582], [108.1790111, 15.9509781], [108.1795452, 15.9499149], [108.1799635, 15.9490098], [108.180165, 15.9485704], [108.1810449, 15.9467603], [108.1817787, 15.9454142], [108.1818744, 15.9452233], [108.1821096, 15.9447544], [108.1822073, 15.9445597], [108.1822591, 15.9443753], [108.1822368, 15.9442126], [108.1821906, 15.9440263], [108.1820422, 15.9437676], [108.1818961, 15.9435855], [108.1814754, 15.9430612], [108.1813694, 15.9429107], [108.1809983, 15.9423837], [108.1806525, 15.9418927], [108.1801906, 15.9411434], [108.1800366, 15.9409044], [108.1800072, 15.9408402], [108.1798974, 15.9406011], [108.1798084, 15.9403692], [108.179734, 15.9401089], [108.1796876, 15.93981], [108.1796713, 15.9396907], [108.1794654, 15.9376263]]}}, {"type": "Feature", "properties": {"highway": "service", "motorcar": "destination", "service": "alley", "@id": "way/1436876320"}, "geometry": {"type": "LineString", "coordinates": [[108.1853939, 15.9751032], [108.1852214, 15.9747345], [108.1851199, 15.974561], [108.1851016, 15.9745109], [108.1850452, 15.9743238], [108.1850226, 15.9741843]]}}, {"type": "Feature", "properties": {"highway": "residential", "name": "Ki\u1ec7t 1 \u0110\u01b0\u1eddng \u0110H409 - Th\u00f4n L\u1ec7 S\u01a1n Nam", "@id": "way/1459245586"}, "geometry": {"type": "LineString", "coordinates": [[108.1825784, 15.9613637], [108.1826634, 15.9611116], [108.1827436, 15.9607622], [108.1827873, 15.9607305], [108.1828156, 15.9606261]]}}, {"type": "Feature", "properties": {"highway": "residential", "@id": "way/1459245587"}, "geometry": {"type": "LineString", "coordinates": [[108.1827873, 15.9607305], [108.1829676, 15.960716], [108.1831657, 15.960716]]}}, {"type": "Feature", "properties": {"highway": "path", "surface": "dirt", "@id": "way/1459718933"}, "geometry": {"type": "LineString", "coordinates": [[108.1935415, 15.9539145], [108.1950293, 15.9531754], [108.1950954, 15.9531879], [108.1958716, 15.9539388]]}}, {"type": "Feature", "properties": {"highway": "residential", "@id": "way/1461707565"}, "geometry": {"type": "LineString", "coordinates": [[108.1884518, 15.9529471], [108.1890699, 15.9527346]]}}, {"type": "Feature", "properties": {"highway": "residential", "@id": "way/1461778836"}, "geometry": {"type": "LineString", "coordinates": [[108.1763864, 15.9602293], [108.1758678, 15.9603621]]}}, {"type": "Feature", "properties": {"highway": "service", "surface": "unpaved", "@id": "way/1461778837"}, "geometry": {"type": "LineString", "coordinates": [[108.1758678, 15.9603621], [108.1756058, 15.9604939]]}}, {"type": "Feature", "properties": {"highway": "service", "service": "alley", "@id": "way/1468282452"}, "geometry": {"type": "LineString", "coordinates": [[108.1785793, 15.9671699], [108.1787455, 15.9668432], [108.1787637, 15.9668074], [108.1788849, 15.9666928], [108.1789475, 15.9667153], [108.1790718, 15.96676], [108.1792781, 15.9668929], [108.1794128, 15.9671135]]}}, {"type": "Feature", "properties": {"highway": "service", "service": "alley", "@id": "way/1468282453"}, "geometry": {"type": "LineString", "coordinates": [[108.1794266, 15.9667177], [108.1789827, 15.965988], [108.1789983, 15.9659042], [108.1788601, 15.9657441]]}}, {"type": "Feature", "properties": {"highway": "service", "motorcar": "destination", "service": "alley", "@id": "way/1468282454"}, "geometry": {"type": "LineString", "coordinates": [[108.1798331, 15.9664942], [108.1796454, 15.9660046], [108.1798029, 15.9659491], [108.1798203, 15.965862]]}}, {"type": "Feature", "properties": {"highway": "service", "service": "alley", "@id": "way/1468282455"}, "geometry": {"type": "LineString", "coordinates": [[108.1787455, 15.9668432], [108.1781403, 15.9663935]]}}, {"type": "Feature", "properties": {"highway": "service", "service": "alley", "@id": "way/1468282456"}, "geometry": {"type": "LineString", "coordinates": [[108.1777338, 15.9668785], [108.1780319, 15.9664274]]}}, {"type": "Feature", "properties": {"highway": "service", "@id": "way/1482451443"}, "geometry": {"type": "LineString", "coordinates": [[108.1704256, 15.9656524], [108.1700427, 15.9653731]]}}, {"type": "Feature", "properties": {"highway": "residential", "@id": "way/1483306747"}, "geometry": {"type": "LineString", "coordinates": [[108.1884534, 15.9666396], [108.1882958, 15.9666805]]}}, {"type": "Feature", "properties": {"highway": "residential", "@id": "way/1483306748"}, "geometry": {"type": "LineString", "coordinates": [[108.1893621, 15.9668694], [108.1888886, 15.9666512], [108.1884534, 15.9666396], [108.1884055, 15.9663235]]}}, {"type": "Feature", "properties": {"highway": "residential", "@id": "way/1486788078"}, "geometry": {"type": "LineString", "coordinates": [[108.1879933, 15.974067], [108.1882162, 15.9745993]]}}, {"type": "Feature", "properties": {"highway": "residential", "@id": "way/1489043932"}, "geometry": {"type": "LineString", "coordinates": [[108.1917795, 15.9643693], [108.1917743, 15.9643703], [108.1918847, 15.9648324], [108.1921514, 15.9658823], [108.1922056, 15.9660919], [108.1922103, 15.9662578], [108.1921884, 15.9665125], [108.1921135, 15.9669379], [108.1920773, 15.9673943], [108.1920518, 15.967491]]}}, {"type": "Feature", "properties": {"highway": "residential", "@id": "way/1489043933"}, "geometry": {"type": "LineString", "coordinates": [[108.1922472, 15.9658776], [108.1921689, 15.965598]]}}, {"type": "Feature", "properties": {"highway": "residential", "@id": "way/1489043937"}, "geometry": {"type": "LineString", "coordinates": [[108.1925702, 15.9645171], [108.1919771, 15.9643194], [108.1918534, 15.9643549], [108.1918484, 15.9643558]]}}, {"type": "Feature", "properties": {"bridge": "yes", "highway": "residential", "layer": "1", "@id": "way/1489043938"}, "geometry": {"type": "LineString", "coordinates": [[108.1918484, 15.9643558], [108.1917795, 15.9643693]]}}, {"type": "Feature", "properties": {"highway": "residential", "@id": "way/1489043939"}, "geometry": {"type": "LineString", "coordinates": [[108.1962903, 15.969171], [108.1962651, 15.9691677], [108.1962226, 15.9691621], [108.1956575, 15.96918], [108.1955753, 15.9691861], [108.1951462, 15.9692182], [108.1928085, 15.9694283], [108.1927481, 15.9694337], [108.1918923, 15.9694933]]}}, {"type": "Feature", "properties": {"bridge": "yes", "highway": "residential", "layer": "1", "@id": "way/1489043940"}, "geometry": {"type": "LineString", "coordinates": [[108.1918923, 15.9694933], [108.1918106, 15.9695028]]}}, {"type": "Feature", "properties": {"highway": "residential", "source": "digitalglobe", "@id": "way/1489043941"}, "geometry": {"type": "LineString", "coordinates": [[108.1918923, 15.9694933], [108.1918458, 15.9695745], [108.1918551, 15.9696772], [108.1918775, 15.969807], [108.1919056, 15.9699357], [108.1919901, 15.9701916]]}}, {"type": "Feature", "properties": {"highway": "track", "source": "Bing", "@id": "way/1489043948"}, "geometry": {"type": "LineString", "coordinates": [[108.1908327, 15.9581442], [108.1904286, 15.9583793]]}}, {"type": "Feature", "properties": {"highway": "service", "@id": "way/1489043949"}, "geometry": {"type": "LineString", "coordinates": [[108.1919941, 15.9580746], [108.1918639, 15.9577104], [108.1916036, 15.9567824], [108.1915046, 15.9564126], [108.1914815, 15.9561557], [108.1913364, 15.9556086], [108.1911827, 15.9551989]]}}, {"type": "Feature", "properties": {"highway": "service", "@id": "way/1489043950"}, "geometry": {"type": "LineString", "coordinates": [[108.1913249, 15.9725266], [108.1919199, 15.9740782], [108.1925155, 15.9757175], [108.1927756, 15.9764317], [108.1927913, 15.9765281]]}}, {"type": "Feature", "properties": {"highway": "track", "@id": "way/1490572102"}, "geometry": {"type": "LineString", "coordinates": [[108.1992645, 15.9586764], [108.1999301, 15.9587922], [108.200278, 15.9588853], [108.2012675, 15.9591147], [108.2022935, 15.9593525], [108.2037769, 15.9597135], [108.2038022, 15.959791], [108.203892, 15.9608718], [108.2038483, 15.9613701], [108.2038298, 15.9616336]]}}, {"type": "Feature", "properties": {"highway": "residential", "surface": "asphalt", "@id": "way/1490572113"}, "geometry": {"type": "LineString", "coordinates": [[108.1968325, 15.9697636], [108.1964518, 15.9693032], [108.1964001, 15.9692406], [108.1963323, 15.9691823], [108.1962903, 15.969171]]}}, {"type": "Feature", "properties": {"bridge": "yes", "highway": "residential", "layer": "1", "surface": "asphalt", "@id": "way/1490572114"}, "geometry": {"type": "LineString", "coordinates": [[108.1968851, 15.9698272], [108.1968325, 15.9697636]]}}, {"type": "Feature", "properties": {"highway": "primary_link", "@id": "way/1495381422"}, "geometry": {"type": "LineString", "coordinates": [[108.1829664, 15.9663815], [108.182998, 15.9661649]]}}, {"type": "Feature", "properties": {"highway": "primary_link", "oneway": "yes", "@id": "way/1495381423"}, "geometry": {"type": "LineString", "coordinates": [[108.1811205, 15.9661168], [108.1810427, 15.9661538], [108.1810008, 15.9661989], [108.1809663, 15.9662463], [108.180926, 15.9663391]]}}, {"type": "Feature", "properties": {"highway": "residential", "surface": "concrete", "@id": "way/1495381424"}, "geometry": {"type": "LineString", "coordinates": [[108.1931541, 15.9627348], [108.1931663, 15.9629795], [108.1932172, 15.9634488], [108.1932272, 15.9635415], [108.1932762, 15.9639981], [108.193303, 15.9642869], [108.1933486, 15.9645061], [108.193413, 15.9646351], [108.1934678, 15.9647262], [108.1935123, 15.9648001], [108.1935577, 15.9648838], [108.193578, 15.9649213], [108.193641, 15.9650374], [108.1938583, 15.9656588], [108.1939283, 15.9657948]]}}, {"type": "Feature", "properties": {"highway": "residential", "source": "digitalglobe", "@id": "way/1495381425"}, "geometry": {"type": "LineString", "coordinates": [[108.1863195, 15.9667603], [108.1862652, 15.9668343], [108.1861999, 15.9670612], [108.1861882, 15.9670987], [108.1861822, 15.967136], [108.1861712, 15.9674956], [108.1861581, 15.9675921], [108.1860501, 15.9677554]]}}, {"type": "Feature", "properties": {"highway": "residential", "@id": "way/1495381426"}, "geometry": {"type": "LineString", "coordinates": [[108.1886988, 15.9710324], [108.1884173, 15.9712447], [108.1878198, 15.9716134], [108.187708, 15.971675], [108.1874344, 15.9718787], [108.1872386, 15.9720141], [108.1868246, 15.9723061]]}}, {"type": "Feature", "properties": {"highway": "residential", "@id": "way/1495381427"}, "geometry": {"type": "LineString", "coordinates": [[108.1854534, 15.9695524], [108.1854072, 15.9694977], [108.1851626, 15.9693677], [108.1847442, 15.9692109]]}}]}